F_dot,F_dot/P_info,F_dot/P_trap (conventional)
0.21912148290187,0.0470863671264808,0.39722549227986
0.219142024835849,0.0470896763525979,0.397203047062306
0.219162851447771,0.0470930314285869,0.397180293379738
0.21918396666356,0.0470964329863021,0.397157227050167
0.219205374462746,0.0470998816662963,0.397133843836499
0.219227078879184,0.0471033781180214,0.39711013944585
0.21924908400178,0.047106922999666,0.397086109528859
0.219271393975225,0.0471105169785617,0.39706174967899
0.219294013000741,0.0471141607308743,0.39703705543183
0.219316945336837,0.0471178549420374,0.397012022264378
0.21934019530007,0.0471216003068267,0.396986645594327
0.219363767265822,0.0471253975296437,0.396960920779333
0.219387665669083,0.0471292473244457,0.396934843116293
0.219411895005243,0.0471331504146984,0.396908407840593
0.219436459830897,0.0471371075336959,0.396881610125367
0.21946136476466,0.0471411194250754,0.396854445080741
0.219486614487988,0.0471451868420994,0.396826907753065
0.219512213746016,0.0471493105487352,0.396798993124151
0.219538167348403,0.0471534913187941,0.396770696110485
0.219564480170184,0.0471577299372193,0.396742011562449
0.219591157152641,0.0471620271990747,0.396712934263525
0.219618203304177,0.0471663839103313,0.396683458929492
0.219645623701208,0.0471708008881444,0.39665358020762
0.219673423489057,0.0471752789605968,0.396623292675853
0.219701607882872,0.0471798189668318,0.396592590841983
0.219730182168541,0.0471844217577209,0.396561469142822
0.219759151703631,0.0471890881951429,0.396529921943357
0.219788521918331,0.0471938191532197,0.396497943535908
0.219818298316405,0.0471986155174496,0.39646552813927
0.219848486476171,0.0472034781854494,0.396432669897852
0.219879092051469,0.0472084080671844,0.396399362880803
0.219910120772666,0.0472134060845041,0.396365601081139
0.21994157844765,0.0472184731723052,0.396331378414852
0.219973470962856,0.0472236102773794,0.396296688720019
0.220005804284292,0.0472288183599756,0.396261525755901
0.220038584458582,0.0472340983926901,0.396225883202032
0.220071817614022,0.0472394513618808,0.396189754657302
0.220105509961645,0.0472448782666008,0.396153133639034
0.22013966779631,0.0472503801196901,0.396116013582053
0.220174297497785,0.0472559579476455,0.396078387837742
0.220209405531866,0.0472616127906782,0.396040249673098
0.220244998451489,0.047267345702979,0.396001592269777
0.220281082897871,0.047273157753001,0.395962408723128
0.220317665601654,0.0472790500235772,0.39592269204123
0.22035475338407,0.0472850236118988,0.395882435143905
0.220392353158113,0.047291079630199,0.395841630861742
0.220430471929735,0.0472972192054216,0.3958002719351
0.220469116799044,0.0473034434795938,0.395758351013111
0.220508294961528,0.0473097536102442,0.395715860652672
0.220548013709283,0.0473161507702846,0.395672793317431
0.220588280432267,0.0473226361482971,0.395629141376766
0.220629102619556,0.0473292109489936,0.395584897104761
0.220670487860625,0.047335876393006,0.395540052679164
0.220712443846643,0.0473426337172215,0.395494600180354
0.220754978371773,0.0473494841755051,0.395448531590285
0.220798099334502,0.0473564290378319,0.395401838791437
0.220841814738978,0.0473634695915848,0.395354513565748
0.220886132696362,0.0473706071411034,0.395306547593555
0.220931061426197,0.0473778430084815,0.395257932452511
0.220976609257799,0.04738517853281,0.39520865961651
0.221022784631652,0.0473926150717359,0.395158720454598
0.221069596100832,0.0474001540002168,0.395108106229884
0.221117052332433,0.0474077967123108,0.395056808098436
0.221165162109029,0.0474155446199704,0.395004817108183
0.221213934330129,0.0474233991541775,0.394952124197802
0.221263378013669,0.0474313617648522,0.394898720195606
0.221313502297509,0.0474394339211458,0.394844595818423
0.221364316440953,0.0474476171117582,0.394789741670471
0.22141582982628,0.0474559128451038,0.394734148242227
0.221468051960298,0.0474643226494965,0.394677805909299
0.221520992475917,0.0474728480737281,0.394620704931281
0.221574661133726,0.0474814906864149,0.394562835450612
0.22162906782361,0.047490252077874,0.394504187491433
0.221684222566362,0.0474991338584495,0.394444750958432
0.221740135515328,0.0475081376606231,0.394384515635694
0.221796816958064,0.047517265137575,0.394323471185541
0.221854277318013,0.0475265179648063,0.394261607147375
0.221912527156198,0.0475358978398309,0.394198912936512
0.221971577172939,0.0475454064820629,0.394135377843022
0.222031438209578,0.0475550456343505,0.394070991030555
0.222092121250238,0.0475648170614878,0.394005741535177
0.222153637423583,0.0475747225519863,0.3939396182642
0.222215998004613,0.0475847639177126,0.393872609995004
0.222279214416467,0.047594942994286,0.393804705373873
0.222343298232254,0.0476052616413085,0.393735892914813
0.222408261176891,0.0476157217428201,0.393666160998386
0.222474115128975,0.0476263252072329,0.393595497870533
0.222540872122664,0.0476370739680105,0.3935238916414
0.222608544349583,0.0476479699838511,0.393451330284169
0.222677144160746,0.0476590152390621,0.393377801633888
0.222746684068499,0.0476702117437986,0.3933032933863
0.222817176748487,0.047681561534149,0.393227793096677
0.222888635041635,0.0476930666729555,0.393151288178659
0.222961071956152,0.0477047292494314,0.393073765903088
0.223034500669556,0.0477165513803973,0.392995213396858
0.223108934530717,0.0477285352097795,0.392915617641755
0.223184387061925,0.047740682909366,0.392834965473313
0.22326087196097,0.0477529966792598,0.392753243579668
0.223338403103254,0.0477654787472748,0.392670438500422
0.223416994543914,0.0477781313710429,0.392586536625512
0.223496660519967,0.0477909568362269,0.392501524194082
0.223577415452487,0.0478039574586948,0.392415387293367
0.223659273948784,0.0478171355840375,0.392328111857585
0.223742250804621,0.0478304935874757,0.392239683666832
0.223826361006442,0.0478440338752386,0.392150088345994
0.223911619733626,0.0478577588843491,0.392059311363661
0.22399804236076,0.047871671082808,0.391967338031058
0.224085644459933,0.0478857729705204,0.391874153500982
0.224174441803053,0.0479000670790019,0.391779742766754
0.224264450364184,0.0479145559723669,0.391684090661183
0.224355686321903,0.0479292422472759,0.391587181855541
0.224448166061685,0.0479441285334499,0.391489000858557
0.224541906178296,0.0479592174943995,0.391389532015419
0.224636923478226,0.0479745118269213,0.391288759506797
0.224733234982124,0.0479900142624269,0.391186667347882
0.224830857927271,0.0480057275666854,0.391083239387438
0.224929809770063,0.0480216545408522,0.390978459306874
0.225030108188519,0.0480377980210966,0.390872310619342
0.225131771084817,0.0480541608795142,0.390764776668842
0.225234816587838,0.048070746024529,0.390655840629357
0.225339263055745,0.0480875564011588,0.390545485504008
0.225445129078575,0.0481045949912941,0.390433694124228
0.225552433480855,0.0481218648141985,0.390320449148965
0.225661195324238,0.0481393689275828,0.390205733063907
0.225771433910165,0.0481571104265404,0.390089528180728
0.225883168782542,0.0481750924455802,0.389971816636372
0.225996419730438,0.0481933181578058,0.389852580392352
0.226111206790817,0.0482117907766504,0.389731801234086
0.226227550251268,0.0482305135543956,0.389609460770263
0.22634547065278,0.0482494897848656,0.389485540432232
0.22646498879252,0.0482687228021849,0.389360021473433
0.226586125726642,0.0482882159815552,0.389232884968858
0.226708902773112,0.0483079727405964,0.389104111814539
0.226833341514556,0.0483279965383653,0.388973682727089
0.226959463801126,0.0483482908773128,0.388841578243258
0.227087291753388,0.048368859302537,0.388707778719548
0.227216847765228,0.0483897054027065,0.388572264331852
0.227348154506785,0.0484108328106442,0.388435015075144
0.22748123492739,0.0484322452035798,0.388296010763205
0.227616112258542,0.0484539463039697,0.388155231028396
0.227752810016888,0.0484759398790838,0.388012655321472
0.227891352007231,0.0484982297426058,0.38786826291145
0.228031762325556,0.0485208197542638,0.387722032885516
0.228174065362072,0.0485437138211306,0.387573944148985
0.228318285804274,0.0485669158971261,0.387423975425313
0.228464448640027,0.0485904299840058,0.387272105256158
0.22861257916066,0.0486142601319975,0.387118312001498
0.228762702964086,0.0486384104401135,0.386962573839801
0.228914845957935,0.0486628850564838,0.386804868768254
0.229069034362705,0.0486876881790721,0.386645174603049
0.229225294714932,0.0487128240562362,0.386483468979727
0.229383653870375,0.0487382969867667,0.386319729353592
0.229544139007216,0.0487641113212227,0.386153933000173
0.22970677762928,0.0487902714614647,0.385986057015766
0.229871597569266,0.0488167818616682,0.385816078318035
0.230038626991996,0.0488436470291749,0.385643973646679
0.230207894397682,0.0488708715240954,0.385469719564174
0.2303794286252,0.0488984599607387,0.385293292456583
0.230553258855384,0.0489264170074381,0.385114668534442
0.230729414614333,0.0489547473876539,0.38493382383372
0.230907925776729,0.0489834558798324,0.384750734216851
0.231088822569171,0.0490125473187298,0.384565375373854
0.231272135573519,0.0490420265949354,0.384377722823525
0.23145789573025,0.0490718986564129,0.384187751914714
0.231646134341828,0.0491021685084081,0.383995437827689
0.231836883076081,0.0491328412139355,0.383800755575577
0.232030173969594,0.0491639218946231,0.383603680005907
0.232226039431106,0.0491954157313962,0.383404185802225
0.232424512244921,0.0492273279640811,0.383202247485816
0.232625625574322,0.0492596638931959,0.382997839417508
0.232829412965006,0.0492924288793948,0.382790935799578
0.233035908348505,0.0493256283449132,0.38258151067775
0.233245146045641,0.049359267773021,0.382369537943295
0.233457160769963,0.049393352710039,0.38215499133523
0.233671987631205,0.0494278887640666,0.381937844442622
0.233889662138744,0.0494628816073722,0.381718070706989
0.234110220205063,0.0494983369751378,0.381495643424818
0.234333698149216,0.0495342606676615,0.381270535750183
0.234560132700304,0.0495706585496597,0.381042720697475
0.234789561000939,0.0496075365513747,0.380812171144243
0.235022020610726,0.0496449006689704,0.380578859834151
0.235257549509733,0.0496827569650869,0.380342759380051
0.235496186101969,0.0497211115694148,0.380103842267164
0.235737969218861,0.0497599706790655,0.379862080856393
0.235982938122721,0.0497993405594896,0.37961744738775
0.236231132510227,0.0498392275444753,0.379369913983902
0.236482592515882,0.0498796380368681,0.379119452653848
0.236737358715487,0.0499205785096448,0.378866035296719
0.236995472129596,0.0499620555055187,0.378609633705703
0.237256974226974,0.0500040756381777,0.378350219572103
0.237521906928044,0.0500466455925839,0.378087764489524
0.237790312608329,0.0500897721252772,0.37782223995819
0.238062234101886,0.050133462065194,0.377553617389403
0.238337714704729,0.05017772231411,0.377281868110125
0.238616798178243,0.050222559847249,0.377006963367703
0.238899528752592,0.0502679817138664,0.376728874334739
0.239185951130104,0.0503139950368913,0.376447572114086
0.239476110488656,0.0503606070149453,0.376163027743992
0.239770052485036,0.0504078249213758,0.375875212203389
0.240067823258293,0.0504556561062231,0.37558409641732
0.240369469433078,0.050504107995388,0.375289651262508
0.240675038122953,0.05055318809162,0.37499184757308
0.240984576933698,0.0506029039754632,0.374690656146426
0.241298133966592,0.0506532633050704,0.374386047749216
0.241615757821673,0.0507042738172788,0.374077993123555
0.241937497600982,0.0507559433277158,0.373766462993296
0.242263402911779,0.0508082797312458,0.373451428070492
0.242593523869741,0.0508612910027361,0.373132859062013
0.242927911102138,0.0509149851972441,0.372810726676296
0.243266615750974,0.0509693704508913,0.372485001630263
0.243609689476114,0.0510244549807662,0.372155654656375
0.243957184458374,0.0510802470862639,0.371822656509854
0.244309153402593,0.0511367551481699,0.371485977976038
0.244665649540662,0.0511939876304457,0.371145589877907
0.245026726634537,0.0512519530801442,0.370801463083745
0.245392438979209,0.0513106601276134,0.370453568514966
0.24576284140565,0.0513701174875975,0.370101877154078
0.246137989283718,0.0514303339585908,0.369746360052815
0.246517938525034,0.0514913184245714,0.3693869883404
0.246902745585818,0.0515530798542415,0.369023733231974
0.24729246746969,0.0516156273026353,0.368656566037165
0.247687161730434,0.0516789699102461,0.368285458168807
0.24808688647472,0.0517431169041235,0.367910381151806
0.248491700364792,0.0518080775985608,0.367531306632152
0.248901662621105,0.0518738613947517,0.367148206386075
0.249316833024929,0.0519404777817135,0.366761052329345
0.249737271920905,0.0520079363365589,0.36636981652671
0.250163040219558,0.0520762467243295,0.365974471201478
0.250594199399762,0.0521454186990746,0.365574988745232
0.251030811511167,0.0522154621042829,0.365171341727685
0.251472939176564,0.0522863868724916,0.364763502906664
0.251920645594217,0.0523582030257575,0.364351445238227
0.252373994540137,0.0524309206769893,0.363935141886908
0.252833050370306,0.0525045500285674,0.363514566236088
0.253297878022853,0.0525791013744537,0.363089691898487
0.253768543020178,0.0526545850990187,0.362660492726776
0.254245111471015,0.0527310116782444,0.362226942824305
0.254727650072456,0.0528083916798857,0.361789016555947
0.255216226111906,0.0528867357631652,0.361346688559046
0.255710907468989,0.0529660546797234,0.360899933754473
0.256211762617397,0.0530463592735103,0.360448727357785
0.256718860626685,0.0531276604811727,0.359993044890479
0.257232271164,0.0532099693323417,0.359532862191337
0.257752064495757,0.0532932969496385,0.359068155427866
0.258278311489261,0.0533776545493483,0.358598901107816
0.258811083614254,0.0534630534406809,0.358125076090779
0.259350452944418,0.0535495050271927,0.357646657599858
0.259896492158806,0.0536370208062364,0.357163623233417
0.260449274543216,0.0537256123694481,0.356675950976876
0.261008873991503,0.0538152914025619,0.356183619214578
0.261575365006823,0.0539060696858906,0.3556866067417
0.262148822702826,0.0539979590945282,0.355184892776216
0.262729322804768,0.0540909715982464,0.354678456970893
0.263316941650579,0.0541851192615028,0.354167279425327
0.263911756191847,0.0542804142442896,0.353651340697996
0.264513843994759,0.0543768688015535,0.353130621818347
0.265123283240956,0.054474495283284,0.352605104298887
0.26574015272834,0.0545733061354507,0.352074770147279
0.266364531871807,0.0546733138987416,0.351539601878443
0.266996500703919,0.0547745312098846,0.350999582526649
0.267636139875512,0.054876970801146,0.350454695657588
0.268283530656235,0.0549806455003002,0.349904925380425
0.268938754935025,0.0550855682310888,0.34935025635982
0.269601895220527,0.0551917520126038,0.348790673827911
0.270273034641434,0.0552992099599379,0.348226163596246
0.270952256946775,0.0554079552841556,0.347656712067665
0.271639646506135,0.0555180012919655,0.347082306248116
0.27233528830981,0.0556293613857039,0.346502933758396
0.273039267968904,0.055742049063782,0.345918582845821
0.273751671715361,0.0558560779202843,0.345329242395793
0.274472586401932,0.0559714616450376,0.344734901943285
0.275202099502085,0.0560882140234234,0.344135551684204
0.275940299109855,0.0562063489368471,0.343531182486649
0.276687273939631,0.0563258803621691,0.34292178590204
0.277443113325888,0.0564468223716144,0.342307354176116
0.278207907222853,0.0565691891332046,0.341687880259784
0.278981746204126,0.0566929949099122,0.341063357819824
0.279764721462236,0.0568182540605123,0.34043378124943
0.280556924808142,0.0569449810389759,0.339799145678572
0.281358448670687,0.0570731903939726,0.339159446984197
0.282169386095991,0.0572028967692931,0.338514681800221
0.282989830746797,0.0573341149041978,0.337864847527335
0.28381987690177,0.0574668596317158,0.337209942342598
0.284659619454735,0.0576011458806263,0.336549965208818
0.285509153913888,0.0577369886732322,0.335884915883703
0.286368576400937,0.0578744031268189,0.335214794928774
0.287237983650221,0.0580134044526822,0.334539603718043
0.28811747300777,0.058154007956085,0.333859344446428
0.289007142430337,0.058296229036359,0.333174020137912
0.289907090484377,0.0584400831863671,0.332483634653426
0.290817416345004,0.0585855859928927,0.331788192698455
0.291738219794901,0.0587327531356048,0.331087699830356
0.292669601223203,0.0588816003875751,0.330382162465373
0.293611661624341,0.0590321436153435,0.329671587885356
0.294564502596871,0.059184398777569,0.328955984244156
0.295528226342259,0.0593383819262308,0.328235360573701
0.296502935663651,0.0594941092052135,0.327509726789748
0.297488733964619,0.0596515968510613,0.326779093697288
0.298485725247885,0.0598108611921118,0.32604347299561
0.299494014114027,0.0599719186490214,0.325302877283015
0.300513705760166,0.060134785733663,0.324557320061162
0.30154490597865,0.0602994790494256,0.323806815739058
0.302587721155711,0.0604660152915284,0.323051379636662
0.30364225827013,0.0606344112456761,0.322291027988122
0.304708624891885,0.0608046837885931,0.321525777944616
0.305786929180799,0.0609768498879153,0.320755647576804
0.306877279885188,0.0611509266015016,0.319980655876887
0.307979786340513,0.0613269310777892,0.319200822760255
0.309094558468031,0.0615048805553434,0.318416169066733
0.310221706773459,0.0616847923622292,0.317626716561414
0.311361342345646,0.0618666839164447,0.316832487935074
0.312513576855257,0.0620505727257733,0.316033506804162
0.313678522553476,0.0622364763872587,0.315229797710376
0.314856292270725,0.0624244125869503,0.314421386119797
0.316046999415405,0.0626143990998761,0.313608298421607
0.317250757972662,0.062806453790514,0.312790561926362
0.318467682503183,0.0630005946110268,0.311968204863832
0.319697888142013,0.0631968396033009,0.311141256380408
0.320941490597422,0.0633952068964918,0.310309746536063
0.322198606149789,0.0635957147087883,0.309473706300881
0.323469351650538,0.0637983813461509,0.308633167551132
0.324753844521112,0.0640032252027997,0.307788163064924
0.326052202751993,0.0642102647603151,0.306938726517395
0.327364544901768,0.0644195185887351,0.306084892475477
0.328690990096248,0.0646310053450184,0.305226696392216
0.330031658027638,0.0648447437743389,0.30436417460065
0.331386668953769,0.0650607527089814,0.303497364307261
0.332756143697383,0.0652790510690169,0.302626303584974
0.334140203645488,0.0654996578614189,0.301751031365746
0.335538970748767,0.0657225921810059,0.300871587432705
0.33695256752107,0.0659478732091574,0.299988012411878
0.338381117038968,0.0661755202154456,0.299100347763487
0.339824742941379,0.0664055525560081,0.298208635772834
0.341283569429277,0.0666379896743683,0.297312919540769
0.342757721265477,0.0668728511016054,0.296413242973746
0.344247323774503,0.0671101564557747,0.295509650773482
0.345752502842542,0.0673499254423754,0.294602188426216
0.34727338491748,0.0675921778543205,0.293690902191574
0.348810097009037,0.0678369335722772,0.292775839091052
0.350362766688987,0.068084212563922,0.291857046896117
0.351931522091474,0.0683340348850553,0.290934574115942
0.353516491913432,0.0685864206789843,0.290008469984773
0.355117805415098,0.0688413901773565,0.289078784448943
0.356735592420629,0.0690989636994819,0.288145568153534
0.358369983318827,0.069359161652898,0.287208872428707
0.360021109063965,0.0696220045341512,0.286268749275694
0.36168910117673,0.0698875129275974,0.285325251352478
0.363374091745268,0.0701557075072246,0.284378431959148
0.365076213426351,0.0704266090356499,0.28342834502297
0.366795599446655,0.0707002383648316,0.282475045083146
0.368532383604155,0.0709766164370104,0.281518587275312
0.37028670026964,0.0712557642836729,0.280559027315744
0.372058684388351,0.0715377030266969,0.279596421485321
0.373848471481741,0.0718224538790723,0.278630826613229
0.375656197649354,0.0721100381440872,0.277662300060428
0.377481999570841,0.0724004772164895,0.276690899702891
0.379326014508095,0.072693792583455,0.275716683914635
0.381188380307515,0.0729900058233536,0.274739711550536
0.383069235402411,0.0732891386076044,0.273760041928959
0.384968718815527,0.073591212700596,0.27277773481421
0.386886970161706,0.0738962499604748,0.271792850398815
0.388824129650688,0.0742042723393012,0.270805449285642
0.390780338090044,0.0745153018832201,0.269815592469888
0.392755736888241,0.0748293607340025,0.268823341320924
0.394750468057857,0.0751464711290367,0.267828757564028
0.396764674218918,0.0754666554018008,0.266831903262011
0.398798498602391,0.0757899359825772,0.265832840796744
0.400852085053805,0.0761163353991935,0.264831632850612
0.40292557803702,0.0764458762778134,0.263828342387889
0.40501912263813,0.0767785813430394,0.262823032636066
0.407132864569519,0.0771144734189937,0.26181576706713
0.40926695017405,0.0774535754303894,0.260806609378809
0.4114215264294,0.0777959104025267,0.259795623475806
0.41359674095254,0.0781415014626735,0.258782873451015
0.415792742004356,0.0784903718405585,0.257768423566754
0.418009678494413,0.0788425448689079,0.256752338236004
0.42024769998587,0.0791980439849085,0.255734682003688
0.422506956700527,0.0795568927305858,0.254715519527979
0.424787599524026,0.0799191147538749,0.253694915561675
0.427089780011193,0.0802847338097328,0.252672934933625
0.429413650391519,0.0806537737598803,0.251649642530244
0.431759363574793,0.0810262585756091,0.250625103277099
0.43412707315687,0.0814022123375867,0.24959938212061
0.43651693342559,0.0817816592363653,0.248572544009851
0.438929099366829,0.0821646235745818,0.247544653878468
0.441363726670704,0.0825511297675337,0.246515776626736
0.443820971737914,0.0829412023437753,0.245485977103752
0.446300991686216,0.0833348659469151,0.244455320089772
0.448803944357059,0.0837321453357858,0.243423870278724
0.451329988322334,0.0841330653867558,0.242391692260872
0.453879282891287,0.0845376510934658,0.241358850505674
0.456451988117553,0.0849459275691835,0.24032540934482
0.459048264806337,0.0853579200475024,0.23929143295547
0.46166827452173,0.0857736538833206,0.238256985343691
0.464312179594158,0.0861931545542686,0.237222130328121
0.466980143127972,0.0866164476624211,0.236186931523837
0.469672329009166,0.087043558934329,0.235151452326465
0.472388901913232,0.0874745142234467,0.234115755896519
0.475130027313147,0.0879093395108892,0.233079905143987
0.477895871487493,0.0883480609071598,0.232043962713164
0.480686601528701,0.0887907046526669,0.231007990967744
0.483502385351428,0.0892372971199143,0.22997205197617
0.486343391701069,0.0896878648147606,0.228936207497258
0.489209790162378,0.0901424343771367,0.227900518966088
0.492101751168238,0.0906010325829954,0.22686504748018
0.495019446008532,0.0910636863462592,0.22582985378595
0.497963046839154,0.0915304227187728,0.224794998265455
0.500932726691139,0.0920012688934414,0.223760540923428
0.503928659479903,0.092476252204401,0.222726541374616
0.506951020014622,0.0929554001291322,0.221693058831409
0.509999984007706,0.0934387402905587,0.220660152091782
0.513075728084414,0.0939263004568719,0.219627879527532
0.516178429792565,0.0944181085448256,0.218596299072836
0.519308267612376,0.0949141926204958,0.217565468213112
0.522465420966405,0.0954145809010056,0.216535443974197
0.525650070229614,0.0959193017559593,0.215506282911838
0.528862396739535,0.0964283837091045,0.214478041101505
0.532102582806552,0.0969418554406823,0.213450774128517
0.535370811724283,0.0974597457874772,0.21242453707849
0.538667267780079,0.0979820837466139,0.211399384528101
0.541992136265617,0.0985088984754989,0.210375370536181
0.545345603487608,0.09904021929398,0.209352548635121
0.548727856778601,0.0995760756862215,0.208330971822597
0.552139084507892,0.100116497303269,0.207310692553627
0.555579476092528,0.10066151396225,0.206291762732929
0.55904922200842,0.101211155651864,0.20527423370762
0.562548513801544,0.101765452530967,0.204258156260211
0.566077544099245,0.102324434931366,0.203243580601935
0.569636506621633,0.102888133360327,0.202230556366381
0.573225596193076,0.103456578501228,0.201219132603444
0.576845008753783,0.104029801216935,0.200209357773587
0.580494941371486,0.104607832549752,0.199201279742411
0.5841755922532,0.10519070372468,0.198194945775533
0.587887160757088,0.105778446151262,0.197190402533768
0.591629847404403,0.106371091423539,0.196187696068609
0.595403853891525,0.106968671325946,0.195186871818017
0.599209383102078,0.107571217830422,0.19418797460249
0.603046639119142,0.108178763101628,0.193191048621443
0.606915827237536,0.108791339498079,0.192196137449859
0.610817153976201,0.109408979573468,0.191203284035244
0.614750827090652,0.110031716079218,0.190212530694848
0.618717055585517,0.110659581967185,0.189223919113177
0.622716049727159,0.111292610388804,0.188237490339772
0.626748021056377,0.11193083470134,0.187253284787258
0.630813182401179,0.112574288466279,0.186271342229668
0.634911747889649,0.113223005452701,0.185291701801019
0.639043932962872,0.113877019640278,0.184314401994154
0.643209954387956,0.114536365218652,0.18333948065983
0.64741003027111,0.11520107659292,0.182366975006061
0.651644380070817,0.115871188382789,0.181396921597705
0.655913224611064,0.116546735427298,0.180429356356288
0.660216786094664,0.11722775278371,0.179464314560063
0.664555288116632,0.117914275732027,0.178501830844304
0.66892895567765,0.118606339776906,0.177541939201819
0.6733380151976,0.119303980649213,0.17658467298369
0.677782694529162,0.1200072343077,0.175630064900227
0.682263222971493,0.120716136941928,0.174678147022127
0.686779831283975,0.121430724974842,0.17372895078185
0.691332751700023,0.122151035063771,0.172782506975185
0.695922217940983,0.122877104102733,0.171838845763021
0.70054846523008,0.123608969226003,0.1708979966733
0.705211730306449,0.124346667808458,0.169959988603166
0.709912251439229,0.125090237469447,0.169024849821286
0.714650268441727,0.125839716074019,0.168092607970351
0.719426022685652,0.12659514173485,0.16716329006975
0.724239757115418,0.127356552815422,0.166236922518403
0.729091716262512,0.128123987932866,0.165313531097762
0.733982146259933,0.128897485957471,0.164393140974963
0.738911294856698,0.129677086018075,0.163475776706134
0.74387941143242,0.1304628275019,0.162561462239842
0.748886747011947,0.131254750059675,0.161650220920684
0.753933554280072,0.132052893604632,0.16074207549302
0.759020087596316,0.132857298316234,0.159837048104828
0.76414660300977,0.133668004645184,0.158935160311691
0.76931335827401,0.13448505330999,0.158036433080906
0.774520612862083,0.135308485304638,0.157140886795705
0.779768627981556,0.136138341898877,0.156248541259596
0.785057666589632,0.136974664639874,0.155359415700806
0.790387993408345,0.137817495356283,0.154473528776831
0.795759874939809,0.138666876157873,0.153590898579079
0.80117357948155,0.13952284944228,0.152711542637616
0.806629377141896,0.140385457893763,0.151835477925994
0.812127539855445,0.141254744486203,0.150962720866168
0.817668341398597,0.142130752486257,0.150093287333497
0.823252057405158,0.143013525457309,0.149227192661814
0.828878965382016,0.143903107258821,0.14836445164858
0.834549344724888,0.144799542050013,0.147505078560097
0.84026347673413,0.145702874293075,0.146649087136792
0.846021644630634,0.146613148756677,0.145796490598559
0.851824133571784,0.147530410514103,0.144947301650161
0.857671230667487,0.148454704951861,0.144101532486682
0.863563224996285,0.149386077765843,0.143259194799029
0.869500407621527,0.150324574969627,0.142420299779485
0.875483071607631,0.151270242893405,0.141584858127299
0.881511512036403,0.152223128187253,0.140752880054314
0.887586026023447,0.153183277824624,0.139924375290639
0.893706912734644,0.154150739104768,0.139099353090341
0.899874473402701,0.155125559653579,0.138277822237177
0.906089011343792,0.156107787429432,0.137459791050344
0.912350831974261,0.157097470721918,0.136645267390258
0.918660242827413,0.15809465815815,0.135834258664345
0.925017553570384,0.159099398702444,0.135026771832857
0.93142307602108,0.160111741661765,0.134222813414694
0.937877124165215,0.161131736685222,0.133422389493245
0.94438001417341,0.162159433770557,0.132625505722225
0.950932064418388,0.163194883263375,0.131832167331534
0.957533595492247,0.164238135861594,0.131042379133104
0.964184930223815,0.165289242617548,0.130256145526754
0.970886393696088,0.166348254940993,0.129473470506042
0.977638313263761,0.167415224603541,0.128694357664109
0.984441018570836,0.16849020373705,0.127918810199524
0.99129484156832,0.169573244841022,0.12714683092211
0.998200116532013,0.170664400783951,0.126378422258768
1.00515718008038,0.17176372480421,0.125613586259279
1.01216637119251,0.172871270514997,0.1248523246021
1.01922803122618,0.173987091907019,0.124094638600136
1.02634250393599,0.175111243350665,0.123340529206494
1.0335101354916,0.176243779598493,0.122589997020218
1.04073127449608,0.177384755789235,0.121843042292002
1.0480062720043,0.178534227450684,0.121099664929873
1.05533548154147,0.179692250501681,0.120359864504856
1.06271925912175,0.180858881254832,0.119623640256605
1.07015796326696,0.18203417642088,0.118890991099007
1.07765195502539,0.183218193111985,0.118161915625756
1.08520159799071,0.184410988840766,0.117436412115895
1.09280725832097,0.185612621529297,0.116714478539325
1.10046930475772,0.186823149505982,0.115996112562277
1.10818810864521,0.188042631515223,0.115281311552751
1.11596404394972,0.189271126712801,0.114570072585918
1.12379748727894,0.190508694675365,0.113862392449481
1.13168881790155,0.191755395401717,0.113158267649
1.1396384177668,0.19301128931299,0.112457694413179
1.14764667152425,0.194276437260981,0.111760668699102
1.15571396654366,0.195550900524388,0.111067186197442
1.16384069293489,0.19683474081964,0.110377242337612
1.172027243568,0.198128020299016,0.109690832292883
1.18027401409339,0.199430801555566,0.109007950985456
1.18858140296214,0.200743147624333,0.108328593091483
1.19694981144636,0.202065121989245,0.107652753046049
1.20537964365976,0.203396788582331,0.106980425048104
1.21387130657824,0.204738211791218,0.10631160306535
1.22242521006066,0.206089456458903,0.105646280839078
1.23104176686971,0.207450587886562,0.104984451888961
1.23972139269292,0.20882167184212,0.104326109517792
1.24846450616373,0.210202774556784,0.103671246816183
1.25727152888275,0.211593962734366,0.103019856667203
1.26614288543913,0.212995303548539,0.102371931750976
1.27507900343201,0.214406864654085,0.101727464549226
1.28408031349214,0.215828714180767,0.101086447349765
1.29314724930363,0.217260920746693,0.100448872250946
1.30228024762579,0.218703553452786,0.099814731166048
1.31147974831513,0.220156681892793,0.0991840158276205
1.32074619434749,0.221620376154001,0.0985567177917757
1.3300800318403,0.22309470681962,0.097932828442427
1.33948171007493,0.224579744978591,0.0973123389954772
1.34895168151927,0.226075562217566,0.0966952405029562
1.35849040185035,0.227582230635611,0.0960815238571061
1.36809832997714,0.229099822842576,0.0954711797944152
1.37777592806349,0.230628411963397,0.0948641988996011
1.38752366155122,0.232168071644162,0.0942605716095416
1.3973419991833,0.23371887604741,0.0936602882171548
1.40723141302722,0.235280899870273,0.0930633388752271
1.41719237849853,0.236854218334905,0.0924697136001909
1.42722537438441,0.238438907196106,0.0918794022758508
1.43733088286753,0.240035042750995,0.0912923946570584
1.44750938954995,0.24164270183328,0.0907086803733368
1.45776138347722,0.243261961826611,0.0901282489324539
1.46808735716264,0.244892900658277,0.089551089723946
1.47848780661159,0.246535596813407,0.0889771920225904
1.48896323134614,0.248190129329434,0.0884065449918277
1.49951413442972,0.249856577808422,0.0878391376871352
1.51014102249196,0.251535022412419,0.0872749590593496
1.5208444057537,0.253225543878059,0.0867139979579416
1.5316247980522,0.254928223509932,0.0861562431342395
1.54248271686641,0.256643143188848,0.0856016832446065
1.55341868334251,0.258370385380651,0.0850503068535672
1.56443322231952,0.260110033129417,0.0845021024368871
1.57552686235514,0.261862170073082,0.0839570583846043
1.58670013575173,0.263626880440444,0.0834151630040131
1.59795357858246,0.265404249057536,0.0828764045226003
1.6092877307176,0.267194361351468,0.0823407710909357
1.62070313585104,0.268997303353364,0.0818082507855146
1.63220034152694,0.270813161706105,0.0812788316115554
1.64377989916654,0.272642023665373,0.080752501505751
1.6554423640952,0.274483977104053,0.0802292483389741
1.66718829556953,0.276339110516963,0.0797090599189391
1.67901825680478,0.278207513029537,0.0791919239928175
1.69093281500239,0.280089274394698,0.0786778282498111
1.70293254137765,0.281984484999308,0.0781667603236791
1.71501801118767,0.283893235874328,0.0776587077952243
1.72718980375937,0.285815618691835,0.0771536581947341
1.73944850251784,0.28775172577467,0.0766515990043805
1.7517946950147,0.289701650097572,0.0761525176605773
1.76422897295681,0.291665485293453,0.0756564015562953
1.77675193223505,0.293643325657171,0.075163238043337
1.78936417295335,0.295635266151412,0.0746730144345701
1.8020662994579,0.297641402410082,0.0741857180061203
1.81485892036655,0.299661830743755,0.0737013359995243
1.82774264859841,0.301696648144369,0.0732198556238437
1.84071810140364,0.303745952285671,0.0727412640577393
1.85378590039344,0.30580984153666,0.0722655484515068
1.86694667157026,0.307888414958761,0.0717926959290746
1.88020104535816,0.309981772315872,0.0713226935899635
1.89354965663344,0.312090014072674,0.0708555285112094
1.90699314475541,0.314213241407512,0.0703911877492489
1.92053215359742,0.316351556211954,0.0699296583417686
1.93416733157808,0.318505061097174,0.0694709273095184
1.94789933169264,0.320673859396289,0.0690149816580891
1.96172881154471,0.322858055176767,0.0685618083796557
1.97565643337799,0.32505775323784,0.0681113944546844
1.98968286410846,0.327273059119475,0.0676637268536078
2.00380877535656,0.329504079104184,0.0672187925384639
2.01803484347973,0.331750920227484,0.0667765784645034
2.03236174960512,0.334013690277814,0.0663370715817637
2.04679017966253,0.33629249780682,0.0659002588366105
2.06132082441758,0.338587452125816,0.0654661271732468
2.07595437950504,0.340898663325507,0.0650346635351919
2.09069154546252,0.343226242264244,0.0646058548667271
2.10553302776423,0.345570300589185,0.0641796881143128
2.12047953685513,0.347930950729199,0.063756150227974
2.13553178818516,0.350308305907794,0.0633352281626564
2.15069050224378,0.35270248014877,0.0629169088795533
2.16595640459478,0.35511358827298,0.0625011793474031
2.18133022591126,0.357541745916676,0.0620880265437586
2.19681270201085,0.35998706952653,0.0616774374562277
2.21240457389123,0.362449676371423,0.0612693990836868
2.22810658776582,0.364929684547173,0.060863898437467
2.24391949509977,0.367427212976807,0.0604609225425125
2.25984405264619,0.369942381423356,0.0600604584385136
2.27588102248256,0.372475310493359,0.0596624931810126
2.29203117204749,0.375026121642979,0.0592670138424849
2.30829527417764,0.377594937180031,0.0588740075133938
2.32467410714499,0.380181880276556,0.0584834613032214
2.34116845469425,0.38278707496575,0.0580953623414741
2.35777910608062,0.385410646159618,0.057709697778664
2.37450685610776,0.388052719647614,0.0573264547872676
2.39135250516607,0.390713422097742,0.0569456205626593
2.40831685927115,0.393392881075069,0.0565671823240236
2.42540073010258,0.396091225037837,0.0561911273152435
2.44260493504301,0.398808583354572,0.0558174428057669
2.4599302972174,0.401545086291807,0.0554461160914514
2.47737764553263,0.404300865039606,0.0550771344953871
2.49494781471736,0.407076051707854,0.0547104853686982
2.51264164536213,0.409870779336658,0.0543461560913245
2.53045998395976,0.412685181894559,0.0539841340727807
2.54840368294606,0.415519394297512,0.0536244067528974
2.56647360074075,0.418373552405458,0.0532669616025411
2.58467060178872,0.421247793036437,0.0529117861243149
2.60299555660154,0.424142253961698,0.0525588678532403
2.6214493417993,0.427057073931858,0.05220819435742
2.64003284015268,0.429992392660233,0.0518597532386819
2.65874694062535,0.432948350844254,0.0515135321332053
2.67759253841666,0.435925090171104,0.0511695187121291
2.69657053500461,0.438922753320599,0.0508277006821424
2.71568183818911,0.441941483976281,0.0504880657860575
2.73492736213559,0.444981426823426,0.0501506018033667
2.75430802741883,0.448042727568873,0.0498152965507815
2.77382476106718,0.451125532937834,0.0494821378827564
2.793478496607,0.454229990688788,0.0491511136919957
2.81327017410748,0.457356249608748,0.0488222119099452
2.83320074022574,0.460504459533946,0.0484954205072681
2.85327114825222,0.463674771354062,0.0481707274943056
2.87348235815643,0.466867337007074,0.0478481209215231
2.89383533663296,0.470082309506735,0.0475275888799408
2.9143310571479,0.473319842929047,0.0472091195015507
2.93497049998546,0.476580092438308,0.0468927009597194
2.95575465229501,0.479863214282921,0.0465783214695765
2.97668450813839,0.483169365802486,0.0462659692883898
2.99776106853761,0.486498705443655,0.0459556327159273
3.01898534152278,0.489851392765755,0.0456473000948058
3.04035834218048,0.493227588434102,0.0453409598108266
3.06188109270241,0.496627454252994,0.0450366002932988
3.08355462243436,0.500051153154072,0.0447342100153504
3.10537996792557,0.503498849207017,0.0444337774942268
3.12735817297837,0.506970707634592,0.0441352912915776
3.14949028869825,0.510466894815621,0.0438387400137322
3.1717773735442,0.513987578288119,0.0435441123119633
3.19422049337942,0.517532926772133,0.0432513968827392
3.21682072152241,0.521103110165004,0.0429605824679661
3.23957913879836,0.524698299548586,0.0426716578552183
3.26249683359098,0.528318667208546,0.0423846118779586
3.28557490189459,0.531964386633136,0.0420994334157486
3.30881444736664,0.535635632524558,0.0418161113944478
3.3322165813806,0.539332580803691,0.0415346347864041
3.35578242307914,0.543055408627497,0.0412549926106337
3.37951309942779,0.54680429439305,0.0409771739329916
3.40340974526886,0.550579417742891,0.0407011678663331
3.42747350337582,0.554380959567909,0.0404269635706656
3.45170552450806,0.558209102041063,0.0401545502532921
3.4761069674659,0.562064028593712,0.0398839171689455
3.50067899914618,0.565945923948365,0.0396150536199144
3.52542279459808,0.569854974112346,0.0393479489561606
3.5503395370794,0.573791366406075,0.0390825925754281
3.5754304181132,0.57775528944116,0.0388189739233445
3.60069663754486,0.581746933158545,0.0385570824935142
3.62613940359955,0.585766488831953,0.0382969078276037
3.65175993294,0.589814149056965,0.0380384395154203
3.67755945072482,0.593890107787002,0.0377816671949817
3.70353919066711,0.597994560329078,0.0375265805525804
3.72970039509352,0.602127703349,0.0372731693228395
3.75604431500375,0.606289734892776,0.0370214232887622
3.78257221013037,0.610480854383368,0.036771332281775
3.80928534899918,0.614701262645225,0.0365228861817628
3.8361850089899,0.618951161900427,0.0362760749170993
3.86327247639728,0.623230755784707,0.0360308884646705
3.89054904649272,0.627540249350497,0.0357873168498908
3.91801602358623,0.631879849094133,0.0355453501467155
3.94567472108883,0.636249762942574,0.0353049784776447
3.97352646157547,0.640650200283854,0.0350661920137239
4.00157257684825,0.645081371957378,0.0348289809745371
4.0298144080002,0.649543490283539,0.0345933356281954
4.05825330547946,0.654036769060887,0.0343592462913203
4.08689062915386,0.658561423580288,0.0341267033290209
4.11572774837603,0.663117670640806,0.0338956971548672
4.14476604204892,0.667705728547692,0.033666218230857
4.17400689869177,0.672325817135577,0.0334382570673794
4.20345171650653,0.676978157762405,0.0332118042231726
4.23310190344483,0.681662973347441,0.0329868503052771
4.26295887727524,0.686380488353101,0.0327633859689847
4.29302406565121,0.691130928815182,0.0325414019177833
4.3232989061793,0.69591452233602,0.0323208889032964
4.35378484648799,0.700731498121456,0.0321018377252197
4.38448334429696,0.705582086962881,0.0318842392312527
4.41539586748678,0.710466521269685,0.0316680843170264
4.44652389416919,0.715385035066354,0.0314533639260277
4.47786891275777,0.720337864013752,0.0312400690495194
4.50943242203917,0.725325245421009,0.0310281907264568
4.54121593124481,0.730347418243208,0.0308177200434005
4.57322096012307,0.735404623104972,0.030608648134426
4.60544903901198,0.740497102313978,0.0304009661810298
4.63790170891249,0.745625099856683,0.0301946654120317
4.67058052156208,0.75078886143534,0.0299897371034751
4.70348703950909,0.755988634456089,0.0297861725785224
4.73662283618741,0.761224668049701,0.0295839632073493
4.76998949599175,0.766497213087802,0.0293831004070343
4.80358861435345,0.771806522183664,0.0291835756414465
4.83742179781676,0.777152849728353,0.0289853804211307
4.87149066411575,0.782536451867736,0.0287885063031884
4.90579684225159,0.787957586542865,0.028592944891158
4.94034197257056,0.793416513494979,0.0283986878348912
4.97512770684247,0.798913494257834,0.0282057268304268
5.01015570833966,0.804448792215674,0.0280140536198634
5.04542765191659,0.8100226725669,0.0278236599912279
5.08094522408989,0.815635402370781,0.0276345377783438
5.11671012311907,0.821287250531424,0.0274466788606949
5.15272405908776,0.826978487857059,0.0272600751632892
5.18898875398544,0.83270938699946,0.0270747186565193
5.22550594178986,0.83848022255038,0.0268906013560211
5.26227736854993,0.844291271002078,0.0267077153225306
5.29930479246925,0.850142810758023,0.0265260526617389
5.33658998399021,0.856035122171707,0.0263456055241457
5.37413472587864,0.86196848757041,0.0261663661049101
5.41194081330907,0.867943191208149,0.0259883266437004
5.45001005395061,0.87395951935173,0.0258114794245425
5.48834426805339,0.880017760246795,0.0256358167756661
5.52694528853563,0.886118204142525,0.0254613310693493
5.56581496107126,0.892261143336679,0.0252880147217628
5.60495514417821,0.898446872131398,0.0251158601928112
5.6443677093073,0.904675686890699,0.0249448599859743
5.68405454093175,0.910947886051033,0.0247750066481458
5.72401753663727,0.917263770109446,0.0246062927694719
5.76425860721283,0.923623641672213,0.0244387109831879
5.80477967674202,0.930027805447982,0.024272253965454
5.84558268269509,0.936476568259783,0.0241069144351899
5.8866695760216,0.942970239068402,0.0239426851539082
5.9280423212437,0.949509129006617,0.023779558925547
5.9697028965501,0.95609355134879,0.0236175285963012
6.01165329389065,0.962723821558788,0.0234565870544533
6.05389551907161,0.969400257290184,0.0232967272302029
6.09643159185156,0.976123178431445,0.0231379420954954
6.13926354603802,0.982892907077166,0.0229802246638503
6.18239342958464,0.989709767562457,0.022823567990188
6.22582330468923,0.99657408649009,0.0226679651706565
6.26955524789228,1.00348619272775,0.0225134093424571
6.3135913501763,1.0104464174502,0.0223598936836696
6.35793371706584,1.01745509412476,0.0222074114130765
6.40258446872814,1.02451255853307,0.0220559557899871
6.44754574007451,1.03161914879675,0.0219055201140609
6.49281968086243,1.03877520541406,0.0217560977251301
6.53840845579838,1.04598107122242,0.0216076820030223
6.58431424464132,1.05323709144939,0.021460266367382
6.6305392423069,1.06054361375873,0.0213138442774922
6.67708565897249,1.06790098817811,0.0211684092320955
6.72395572018279,1.07530956722939,0.0210239547692147
6.77115166695631,1.0827697058443,0.0208804744659732
6.81867575589252,1.09028176144075,0.0207379619384151
6.86653025927971,1.09784609393136,0.0205964108413247
6.91471746520372,1.10546306572794,0.0204558148680464
6.96323967765728,1.11313304174761,0.0203161677503037
7.01209921665023,1.12085638946699,0.0201774632580188
7.06129841832045,1.12863347891758,0.0200396951991307
7.11083963504555,1.13646468269391,0.019902857419415
7.16072523555536,1.14435037599931,0.0197669438023019
7.21095760504519,1.15229093663384,0.0196319482686951
7.26153914528994,1.16028674503897,0.0194978647767901
7.31247227475883,1.16833818428199,0.0193646873218933
7.36375942873117,1.1764456401172,0.0192324099362395
7.41540305941272,1.18460950096902,0.0191010266888113
7.46740563605297,1.19283015797154,0.0189705316851571
7.51976964506324,1.20110800497757,0.0188409190672095
7.57249759013552,1.20944343857899,0.0187121830131044
7.62559199236222,1.21783685813054,0.0185843177369993
7.67905539035674,1.2262886657515,0.0184573174888923
7.73289034037479,1.23479926638294,0.0183311765544406
7.7870994164367,1.24336906776103,0.0182058892547802
7.8416852104504,1.25199848045495,0.0180814499463444
7.89665033233548,1.26068791791864,0.0179578530206836
7.95199741014789,1.26943779645647,0.017835092904285
8.00772909020561,1.27824853527223,0.0177131640583918
8.06384803721524,1.28712055648782,0.0175920609788236
8.12035693439935,1.29605428516452,0.0174717781957969
8.17725848362483,1.30505014931023,0.0173523102737449
8.23455540553208,1.314108579927,0.0172336518111389
8.29225043966502,1.32323001100823,0.017115797440309
8.3503463446022,1.33241487953917,0.0169987418272655
8.40884589808859,1.34166362558397,0.0168824796715209
8.4677518971685,1.35097669224902,0.0167670057059114
8.52706715831926,1.3603545257139,0.0166523146964196
8.58679451758588,1.36979757527585,0.0165384014419972
8.64693683071669,1.37930629335279,0.0164252607743876
8.70749697329987,1.3888811354988,0.0163128875579502
8.76847784090095,1.39852256045278,0.0162012766894832
8.82988234920129,1.40823103012532,0.0160904230980488
8.89171343413741,1.41800700965604,0.0159803217447972
8.95397405204148,1.42785096740852,0.0158709676227919
9.01666717978256,1.43776337499971,0.0157623557568352
9.07979581490905,1.44774470734116,0.0156544812032943
9.14336297579195,1.45779544262938,0.0155473390499274
9.20737170176917,1.46791606239766,0.0154409244157107
9.27182505329092,1.47810705152378,0.0153352324506659
9.33672611206597,1.48836889826217,0.0152302583356878
9.40207798120905,1.49870209423413,0.0151259972823728
9.46788378538922,1.5091071345251,0.0150224445328476
9.53414667097922,1.51958451762643,0.0149195953595986
9.600869806206,1.53013474551588,0.0148174450653016
9.66805638130212,1.54075832365429,0.0147159889826525
9.73570960865835,1.5514557609914,0.0146152224741977
9.80383272297723,1.56222757007654,0.014515140932166
9.87242898142776,1.57307426695886,0.0144157397783004
9.94150166380112,1.58399637130966,0.0143170144636904
10.0110540726675,1.59499440639812,0.0142189604686057
10.081089533534,1.60606889914747,0.0141215733023292
10.1516113950036,1.61722038012007,0.0140248485029915
10.2226230289355,1.62844938360449,0.0139287816374058
10.2941278306058,1.63975644757172,0.0138333683009033
10.3661292188706,1.65114211371332,0.0137386041171689
10.4386306363288,1.66260692756394,0.013644484738078
10.5116355494869,1.67415143835768,0.0135510058435337
10.5851474489252,1.68577619919739,0.0134581631413043
10.6591698494638,1.69748176703946,0.013365952366862
10.7337062903317,1.70926870267956,0.0132743692832218
10.8087603353349,1.7211375708265,0.0131834096807809
10.884335573028,1.73308894011824,0.0130930693771593
10.9604356168847,1.74512338316614,0.0130033442170402
11.0370641054713,1.75724147648777,0.012914230072012
11.1142247026203,1.76944380069607,0.0128257228404098
11.1919210976058,1.78173094040545,0.0127378184471589
11.2701570053198,1.7941034842576,0.0126505128436173
11.3489361664496,1.80656202503277,0.0125638020074207
11.4282623476571,1.81910715962923,0.0124776819423263
11.5081393417586,1.83173948906871,0.0123921486780586
11.5885709679063,1.84445961854675,0.0123071982701554
11.6695610717706,1.85726815750796,0.0122228267998142
11.7511135257246,1.87016571961071,0.0121390303737395
11.8332322290284,1.88315292273613,0.012055805123991
11.9159211080162,1.8962303891406,0.0119731472078319
11.9991841162839,1.9093987453207,0.0118910528075782
12.083025234878,1.92265862219829,0.0118095181304489
12.167448472486,1.93601065505441,0.0117285394084162
12.2524578656279,1.94945548355145,0.011648112898057
12.3380574788496,1.96299375185773,0.0115682348804049
12.424251404917,1.97662610856132,0.0114889016608026
12.5110437650116,1.99035320681017,0.011410109568755
12.5984387089277,2.00417570423672,0.0113318549577837
12.6864404152707,2.01809426311216,0.011254134205281
12.7750530916571,2.03210955022414,0.0111769437123657
12.8642809749153,2.04622223706339,0.0111002799037387
12.9541283312886,2.06043299977736,0.0110241392275398
13.044599456639,2.07474251918682,0.0109485181552049
13.1356986766525,2.08915148083489,0.0108734131813242
13.2274303470461,2.10366057509882,0.0107988208235007
13.319798853776,2.11827049704878,0.0107247376222094
13.4128086132471,2.13298194669713,0.0106511601406578
13.5064640725245,2.14779562883041,0.0105780849646462
13.600769709546,2.16271225316996,0.0105055087024291
13.6957300333361,2.17773253436142,0.0104334279845774
13.7913495842218,2.19285719204897,0.0103618394638413
13.8876329340494,2.20808695083726,0.0102907398150133
13.9845846864034,2.22342254036069,0.0102201257347924
14.0822094768263,2.23886469536224,0.0101499939416494
14.1805119730406,2.25441415565407,0.0100803411756917
14.2794968751716,2.27007166623336,0.0100111641985295
14.3791689159725,2.28583797721703,0.00994245979314313
14.4795328610503,2.30171384399107,0.00987422476374998
14.580593509094,2.31770002714302,0.00980645593567289
14.6823556921039,2.33379729256413,0.00973915015520902
14.7848242756226,2.35000641147888,0.00967230428949922
14.8880041589675,2.36632816048221,0.00960591522639835
14.9919002754656,2.38276332150097,0.00953997987434604
15.0965175926886,2.39931268195102,0.00947449516223823
15.2018611126912,2.41597703471525,0.00940945803929943
15.3079358722494,2.43275717817142,0.0093448654749555
15.4147469431023,2.44965391627041,0.00928071445870724
15.5222994321937,2.46666805849671,0.00921700200000456
15.630598481917,2.48380042002579,0.00915372512812136
15.7396492703605,2.50105182163967,0.00909088089203108
15.8494570115552,2.51842308985938,0.00902846636028284
15.9600269557244,2.53591505691884,0.00896647862087836
16.0713643895342,2.5535285608737,0.00890491478114944
16.1834746363467,2.57126444554943,0.00884377196763613
16.2963630564742,2.58912356071135,0.00878304732596562
16.4100350474357,2.60710676196767,0.00872273802073163
16.524496044215,2.62521491086964,0.00866284123537469
16.6397515195204,2.64344887498417,0.0086033541720628
16.7558069840464,2.66180952788501,0.00854427405157295
16.8726679867374,2.68029774926167,0.00848559811317327
16.9903401150526,2.69891442482714,0.00842732361450566
17.1088289952336,2.71766044652818,0.00836944783146926
17.228140292573,2.73653671247169,0.00831196805810448
17.3482797116858,2.75554412702797,0.00825488160647766
17.4692529967815,2.77468360081689,0.00819818580656642
17.5910659319392,2.79395605081014,0.00814187800614558
17.7137243413841,2.81336240035791,0.00808595557067381
17.8372340897657,2.83290357920466,0.00803041588318079
17.9616010824388,2.85258052353455,0.00797525634415514
18.0868312657451,2.87239417611356,0.00792047437143291
18.2129306272979,2.89234548616424,0.00786606740008665
18.3399051962685,2.9124354095477,0.00781203288231523
18.4677610436744,2.93266490880873,0.00775836828733417
18.5965042826693,2.95303495308016,0.00770507110126665
18.7261410688358,2.97354651833917,0.00765213882703517
18.8566776004792,2.9942005872258,0.00759956898425371
18.9881201189246,3.01499814932083,0.00754735910912066
19.1204749088146,3.03594020100717,0.00749550675431224
19.25374829841,3.05702774561792,0.00744400948887661
19.3879466598928,3.07826179344664,0.00739286489812856
19.5230764096702,3.09964336183407,0.00734207058354477
19.6591440086817,3.12117347511205,0.00729162416265977
19.7961559627084,3.14285316477603,0.00724152326896242
19.9341188226832,3.16468346958426,0.00719176555179298
20.0730391850048,3.18666543531494,0.0071423486762409
20.2129236918527,3.20880011519504,0.00709327032304304
20.353779031505,3.23108856963609,0.00704452818848261
20.4956119386578,3.25353186646621,0.00699611998428864
20.6384291947478,3.27613108099745,0.00694804343753606
20.7822376282759,3.29888729588507,0.00690029629054637
20.9270441151342,3.32180160143887,0.00685287630078887
21.0728555789344,3.34487509541751,0.0068057812407825
21.2196789913393,3.36810888327681,0.00675900889799825
21.3675213723955,3.39150407811949,0.00671255707476212
21.5163897908695,3.41506180083598,0.00666642358815871
21.6662913645857,3.43878318007756,0.00662060626993532
21.8172332607662,3.46266935229242,0.00657510296640672
21.9692226963742,3.48672146189735,0.00652991153836029
22.1222669384587,3.51094066120624,0.00648502986096199
22.276373304502,3.53532811049611,0.00644045582366266
22.4315491627693,3.55988497827108,0.00639618733010502
22.5878019326615,3.58461244090848,0.00635222229803118
22.7451390850698,3.6095116832178,0.00630855865919066
22.9035681427324,3.63458389806743,0.00626519435924909
23.0630966805951,3.65983028661114,0.0062221273576973
23.2237323261726,3.68525205848137,0.00617935562776108
23.3854827599136,3.71085043154722,0.00613687715631144
23.5483557155681,3.73662663227008,0.00609468994377539
23.7123589805571,3.76258189553455,0.00605279200404731
23.8775003963448,3.78871746489695,0.00601118136440081
24.0437878588136,3.81503459248723,0.00596985606540112
24.2112293186416,3.8415345391504,0.00592881416081814
24.3798327816831,3.86821857446897,0.00588805371753977
24.5496063093508,3.89508797684057,0.00584757281548602
24.7205580190014,3.9221440336656,0.00580736954752353
24.8926960843242,3.94938804113687,0.00576744201938056
25.0660287357313,3.9768213044526,0.00572778834956261
25.2405642607513,4.00444513800631,0.00568840666926849
25.4163110044258,4.03226086521423,0.00564929512230694
25.593277369708,4.06026981873481,0.00561045186501372
25.771471817865,4.08847334046753,0.00557187506616925
25.9509028688815,4.11687278161476,0.00553356290691671
26.1315791018683,4.14546950280729,0.00549551358068072
26.3135091554715,4.17426487405565,0.00545772529308644
26.496701728286,4.2032602750019,0.00542019626187923
26.6811655792714,4.23245709476289,0.00538292471684475
26.8669095281708,4.2618567321659,0.00534590889972964
27.0539424559321,4.29146059572073,0.00530914706416256
27.2422733051334,4.32127010374362,0.00527263747557589
27.4319110804097,4.35128668445782,0.00523637841112774
27.6228648488842,4.38151177582575,0.00520036815962458
27.8151437406011,4.4119468260512,0.0051646050214443
28.008756948963,4.44259329316892,0.0051290873084597
28.2037137311695,4.47345264548541,0.00509381334396259
28.4000234086605,4.50452636143623,0.00505878146258819
28.5976953675618,4.53581592978252,0.00502399001024015
28.7967390591334,4.56732284959217,0.00498943734401598
28.9971640002222,4.59904863037995,0.00495512183213292
29.1989797737163,4.6309947920307,0.00492104185385432
29.4021960290033,4.66316286511435,0.00488719579941647
29.6068224824322,4.69555439084419,0.00485358206995585
29.8128689177772,4.72817092105249,0.00482019907743694
30.0203451867063,4.76101401837323,0.00478704524458034
30.2292612092515,4.79408525629992,0.00475411900479147
