Dne,F_dot,P_info
0.01,0.21912148290187,4.34983382257659
0.0101392540755882,0.219142024835849,4.34993551959912
0.0102804473209331,0.219162851447771,4.35003861235476
0.010423606739764,0.21918396666356,4.35014311972702
0.010568759711848,0.219205374462746,4.35024906083986
0.0107159339982267,0.219227078879184,4.35035645505324
0.0108651577465254,0.21924908400178,4.35046532199065
0.0110164594963366,0.219271393975225,4.35057568151687
0.0111698681846782,0.219294013000741,4.35068755377849
0.0113254131515281,0.219316945336837,4.35080095917988
0.0114831241454351,0.21934019530007,4.35091591839057
0.0116430313292088,0.219363767265822,4.35103245233435
0.011805165285688,0.219387665669083,4.35115058220986
0.0119695570235904,0.219411895005243,4.35127032950888
0.0121362379834424,0.219436459830897,4.351391716003
0.0123052400435926,0.21946136476466,4.35151476371362
0.0124765955263087,0.219486614487988,4.35163949498919
0.012650337203959,0.219512213746016,4.35176593242631
0.0128264983052806,0.219538167348403,4.35189409895989
0.0130051125217341,0.219564480170184,4.35202401776655
0.0131862140139475,0.219591157152641,4.35215571236798
0.0133698374182495,0.219618203304177,4.35228920657855
0.0135560178532937,0.219645623701208,4.35242452449693
0.0137447909267754,0.219673423489057,4.3525616905446
0.0139361927422414,0.219701607882872,4.35270072947067
0.0141302599059953,0.219730182168541,4.35284166631024
0.0143270295340983,0.219759151703631,4.35298452646383
0.0145265392594678,0.219788521918331,4.35312933560681
0.014728827239075,0.219818298316405,4.35327611978168
0.0149339321612425,0.219848486476171,4.3534249053512
0.0151418932530435,0.219879092051469,4.3535757189953
0.0153527502878042,0.219910120772666,4.35372858776966
0.0155665435927106,0.21994157844765,4.35388353902219
0.0157833140565212,0.219973470962856,4.35404060051122
0.016003103137387,0.220005804284292,4.35419980028816
0.0162259528707809,0.220038584458582,4.35436116681234
0.0164519058775366,0.220071817614022,4.35452472884673
0.0166810053720006,0.220105509961645,4.35469051556961
0.0169132951702965,0.22013966779631,4.35485855649875
0.0171488196987054,0.220174297497785,4.35502888152203
0.0173876240021625,0.220209405531866,4.35520152091194
0.0176297537528721,0.220244998451489,4.35537650532231
0.0178752552590424,0.220281082897871,4.35555386578365
0.0181241754737424,0.220317665601654,4.35573363371309
0.0183765620038817,0.22035475338407,4.35591584093686
0.0186324631193156,0.220392353158113,4.35610051965115
0.0188919277620767,0.220430471929735,4.35628770247211
0.0191550055557353,0.220469116799044,4.35647742242403
0.0194217468148903,0.220508294961528,4.35666971292484
0.0196922025547917,0.220548013709283,4.35686460781756
0.0199664245010979,0.220588280432267,4.3570621413671
0.020244465099768,0.220629102619556,4.35726234824243
0.0205263775270925,0.220670487860625,4.357465263557
0.0208122156998634,0.220712443846643,4.35767092286191
0.021102034285686,0.220754978371773,4.35787936210583
0.0213958887134342,0.220798099334502,4.35809061773336
0.0216938351838518,0.220841814738978,4.35830472659532
0.0219959306803007,0.220886132696362,4.35852172601159
0.0223022329796594,0.220931061426197,4.35874165372481
0.0226128006633728,0.220976609257799,4.35896454799069
0.0229276931286565,0.221022784631652,4.35919044746625
0.0232469705998565,0.221069596100832,4.3594193913424
0.0235706941399673,0.221117052332433,4.35965141921307
0.0238989256623105,0.221165162109029,4.35988657120491
0.024231727942376,0.221213934330129,4.36012488790339
0.0245691646298279,0.221263378013669,4.36036641038646
0.0249113002606779,0.221313502297509,4.36061118022417
0.0252582002696278,0.221364316440953,4.36085923947744
0.0256099310025846,0.22141582982628,4.3611106307092
0.0259665597293487,0.221468051960298,4.36136539699482
0.0263281546564802,0.221520992475917,4.36162358189846
0.0266947849403432,0.221574661133726,4.36188522955628
0.0270665207003324,0.22162906782361,4.36215038454105
0.0274434330322837,0.221684222566362,4.36241909203429
0.0278255940220712,0.221740135515328,4.36269139767078
0.0282130767593947,0.221796816958064,4.36296734769118
0.0286059553517574,0.221854277318013,4.36324698882933
0.0290043049386399,0.221912527156198,4.36353036836708
0.0294082017058706,0.221971577172939,4.36381753417278
0.0298177229001967,0.222031438209578,4.36410853459678
0.0302329468440578,0.222092121250238,4.36440341862964
0.0306539529505653,0.222153637423583,4.36470223577778
0.0310808217386906,0.222215998004613,4.36500503612419
0.0315136348486648,0.222279214416467,4.36531187032413
0.0319524750575921,0.222343298232254,4.36562278961468
0.032397426295282,0.222408261176891,4.36593784580593
0.0328485736603004,0.222474115128975,4.36625709131698
0.0333060034362459,0.222540872122664,4.36658057914775
0.0337698031082509,0.222608544349583,4.36690836289446
0.0342400613797143,0.222677144160746,4.36724049674785
0.0347168681892656,0.222746684068499,4.3675770355046
0.0352003147279668,0.222817176748487,4.36791803459118
0.0356904934567523,0.222888635041635,4.36826355002493
0.0361874981241128,0.222961071956152,4.36861363847933
0.0366914237840249,0.223034500669556,4.3689683572095
0.0372023668141307,0.223108934530717,4.36932776412837
0.03772042493417,0.223184387061925,4.36969191777386
0.03824569722467,0.22326087196097,4.37006087730309
0.0387782841458946,0.223338403103254,4.37043470257788
0.0393182875570577,0.223416994543914,4.37081345401616
0.0398658107358044,0.223496660519967,4.37119719278017
0.0404209583979631,0.223577415452487,4.37158598062288
0.0409838367175726,0.223659273948784,4.37197987996366
0.0415545533471888,0.223742250804621,4.37237895393072
0.0421332174384729,0.223826361006442,4.37278326627703
0.0427199396630678,0.223911619733626,4.37319288143369
0.043314832233764,0.22399804236076,4.37360786452892
0.0439180089259609,0.224085644459933,4.37402828134374
0.0445295850994266,0.224174441803053,4.37445419837264
0.045149677720361,0.224264450364184,4.37488568277417
0.0457784053837662,0.224355686321903,4.3753228024114
0.0464158883361278,0.224448166061685,4.37576562584359
0.0470622484984128,0.224541906178296,4.37621422229978
0.0477176094893875,0.224636923478226,4.37666866175861
0.0483820966492596,0.224733234982124,4.3771290148705
0.0490558370636505,0.224830857927271,4.37759535301673
0.0497389595879006,0.224929809770063,4.37806774825782
0.0504315948717136,0.225030108188519,4.37854627340275
0.0511338753841433,0.225131771084817,4.37903100196796
0.0518459354389291,0.225234816587838,4.37952200818003
0.0525679112201842,0.225339263055745,4.38001936699066
0.0532999408084409,0.225445129078575,4.38052315409054
0.0540421642070592,0.225552433480855,4.38103344590403
0.0547947233690029,0.225661195324238,4.38155031953528
0.0555577622239888,0.225771433910165,4.38207385289759
0.0563314267060135,0.225883168782542,4.38260412457739
0.0571158647812643,0.225996419730438,4.38314121394299
0.0579112264764176,0.226111206790817,4.38368520103427
0.0587176639073326,0.226227550251268,4.3842361667285
0.0595353313081437,0.22634547065278,4.38479419254787
0.0603643850607587,0.22646498879252,4.38535936080484
0.061204983724767,0.226586125726642,4.38593175457483
0.062057288067765,0.226708902773112,4.38651145761964
0.0629214610961034,0.226833341514556,4.38709855451113
0.0637976680860628,0.226959463801126,4.38769313050244
0.0646860766154633,0.227087291753388,4.38829527163119
0.0655868565957143,0.227216847765228,4.38890506467953
0.0665001803043112,0.227348154506785,4.38952259716366
0.0674262224177834,0.22748123492739,4.39014795735113
0.0683651600451024,0.227616112258542,4.39078123423031
0.0693171727615541,0.227752810016888,4.39142251758494
0.0702824426430835,0.227891352007231,4.39207189789639
0.0712611543011175,0.228031762325556,4.39272946641465
0.0722534949178721,0.228174065362072,4.39339531508654
0.0732596542821523,0.228318285804274,4.39406953663719
0.0742798248256492,0.228464448640027,4.39475222452508
0.0753142016597437,0.22861257916066,4.39544347292643
0.0763629826128224,0.228762702964086,4.39614337674788
0.0774263682681127,0.228914845957935,4.39685203163688
0.0785045620020451,0.229069034362705,4.39756953395934
0.0795977700231499,0.229225294714932,4.39829598079103
0.080706201411495,0.229383653870375,4.39903146995234
0.0818300681586739,0.229544139007216,4.39977609993346
0.0829695852083491,0.22970677762928,4.4005299699722
0.0841249704973612,0.229871597569266,4.40129318000613
0.0852964449974103,0.230038626991996,4.40206583063791
0.0864842327573172,0.230207894397682,4.40284802320726
0.0876885609458743,0.2303794286252,4.40363985970678
0.0889096598952916,0.230553258855384,4.40444144283438
0.0901477631452492,0.230729414614333,4.40525287593657
0.0914031074875623,0.230907925776729,4.40607426305766
0.0926759330114688,0.231088822569171,4.40690570886397
0.0939664831495469,0.231272135573519,4.40774731872088
0.0952750047242729,0.23145789573025,4.408599198598
0.0966017479952265,0.231646134341828,4.40946145511306
0.097946966706954,0.231836883076081,4.41033419552623
0.099310918137498,0.232030173969594,4.41121752770382
0.100693863147603,0.232226039431106,4.4121115600951
0.102096066230605,0.232424512244921,4.41301640180058
0.103517795563018,0.232625625574322,4.41393216245448
0.104959323055823,0.232829412965006,4.41485895230564
0.106420924406472,0.233035908348505,4.4157968821286
0.107902879151618,0.233245146045641,4.41674606330293
0.109405470720574,0.233457160769963,4.41770660767513
0.110928986489522,0.233671987631205,4.41867862769834
0.112473717836475,0.233889662138744,4.41966223626203
0.114039960197003,0.234110220205063,4.42065754682909
0.115628013120738,0.234333698149216,4.42166467328054
0.11723818032866,0.234560132700304,4.42268373000464
0.11887076977119,0.234789561000939,4.42371483183288
0.120526093687084,0.235022020610726,4.42475809403566
0.122204468663149,0.235257549509733,4.42581363230411
0.123906215694792,0.235496186101969,4.42688156272925
0.125631660247412,0.235737969218861,4.42796200179849
0.127381132318648,0.235982938122721,4.42905506634454
0.129154966501488,0.236231132510227,4.43016087357178
0.130953502048267,0.236482592515882,4.43127954102079
0.132777082935543,0.236737358715487,4.43241118650289
0.134626057929891,0.236995472129596,4.43355592815726
0.136500780654601,0.237256974226974,4.43471388437001
0.138401609657313,0.237521906928044,4.43588517377166
0.140328908478587,0.237790312608329,4.43706991523325
0.142283045721435,0.238062234101886,4.4382682278189
0.144264395121816,0.238337714704729,4.43948023076848
0.146273335620113,0.238616798178243,4.44070604346655
0.14831025143361,0.238899528752592,4.44194578541149
0.150375532129974,0.239185951130104,4.44319957626355
0.152469572701757,0.239476110488656,4.4444675356928
0.154592773641948,0.239770052485036,4.4457497834757
0.156745541020559,0.240067823258293,4.44704643934644
0.158928286562298,0.240369469433078,4.4483576230802
0.161141427725302,0.240675038122953,4.44968345442389
0.163385387780986,0.240984576933698,4.45102405303024
0.165660595894991,0.241298133966592,4.45237953848411
0.167967487209265,0.241615757821673,4.45375003022369
0.170306502925284,0.241937497600982,4.45513564754132
0.172678090388436,0.242263402911779,4.45653650955433
0.175082703173572,0.242593523869741,4.4579527351495
0.177520801171763,0.242927911102138,4.45938444297336
0.179992850678248,0.243266615750974,4.46083175136576
0.182499324481615,0.243609689476114,4.46229477837188
0.18504070195423,0.243957184458374,4.46377364163467
0.187617469143912,0.244309153402593,4.46526845847321
0.190230118866894,0.244665649540662,4.46677934573591
0.192879150802078,0.245026726634537,4.4683064198081
0.195565071586595,0.245392438979209,4.46984979659346
0.198288394912707,0.24576284140565,4.47140959142216
0.20104964162605,0.246137989283718,4.47298591909998
0.203849339825246,0.246517938525034,4.47457889376177
0.206688024962908,0.246902745585818,4.47618862892837
0.209566239948043,0.24729246746969,4.47781523736818
0.212484535249888,0.247687161730434,4.47945883116073
0.215443469003188,0.24808688647472,4.48111952159813
0.218443607114943,0.248491700364792,4.48279741911875
0.221485523372636,0.248901662621105,4.48449263332415
0.224569799553977,0.249316833024929,4.48620527289143
0.227697025538168,0.249737271920905,4.48793544553772
0.230867799418717,0.250163040219558,4.48968325801905
0.234082727617829,0.250594199399762,4.49144881602662
0.237342425002387,0.251030811511167,4.49323222413542
0.240647515001542,0.251472939176564,4.49503358581758
0.243998629725955,0.251920645594217,4.49685300338502
0.247396410088681,0.252373994540137,4.49869057786161
0.250841505927754,0.252833050370306,4.50054640907314
0.254334576130465,0.253297878022853,4.50242059545452
0.25787628875938,0.253768543020178,4.5043132341209
0.261467321180109,0.254245111471015,4.5062244207461
0.265108360190854,0.254727650072456,4.50815424952374
0.268800102153761,0.255216226111906,4.51010281316533
0.272543253128103,0.255710907468989,4.5120702027956
0.276338529005317,0.256211762617397,4.51405650793289
0.28018665564592,0.256718860626685,4.51606181642792
0.28408836901833,0.257232271164,4.51808621440994
0.28804441533963,0.257752064495757,4.52012978625467
0.292055551218275,0.258278311489261,4.52219261449723
0.296122543798803,0.258811083614254,4.52427477985814
0.300246170908555,0.259350452944418,4.52637636109449
0.30442722120643,0.259896492158806,4.52849743500883
0.308666494333727,0.260449274543216,4.53063807637379
0.312964801067075,0.261008873991503,4.53279835790998
0.317322963473498,0.261575365006823,4.53497835020928
0.321741815067637,0.262148822702826,4.53717812168031
0.326222200971167,0.262729322804768,4.53939773851721
0.330764978074424,0.263316941650579,4.54163726465847
0.335371015200293,0.263911756191847,4.54389676167907
0.340041193270371,0.264513843994759,4.54617628879458
0.344776405473446,0.265123283240956,4.54847590281234
0.349577557436328,0.26574015272834,4.55079565801446
0.354445567397043,0.266364531871807,4.5531356062141
0.359381366380463,0.266996500703919,4.55549579660753
0.364385898376354,0.267636139875512,4.55787627576959
0.36946012051993,0.268283530656235,4.56027708761117
0.374605003274899,0.268938754935025,4.56269827329812
0.379821530619073,0.269601895220527,4.56513987125448
0.385110700232557,0.270273034641434,4.56760191706564
0.390473523688556,0.270952256946775,4.57008444343481
0.395911026646846,0.271639646506135,4.57258748016263
0.401424249049932,0.27233528830981,4.57511105410218
0.407014245321944,0.273039267968904,4.57765518907745
0.412682084570295,0.273751671715361,4.58021990586883
0.418428850790158,0.274472586401932,4.58280522216105
0.424255643071778,0.275202099502085,4.58541115251112
0.430163575810679,0.275940299109855,4.58803770826644
0.4361537789208,0.276687273939631,4.59068489756222
0.44222739805059,0.277443113325888,4.59335272528294
0.448385594802119,0.278207907222853,4.5960411929833
0.45462954695324,0.278981746204126,4.59875029890822
0.460960448682843,0.279764721462236,4.60148003788241
0.467379510799246,0.280556924808142,4.60423040131297
0.473887960971765,0.281358448670687,4.60700137718302
0.480487043965513,0.282169386095991,4.60979294997619
0.487178021879463,0.282989830746797,4.61260510060769
0.493962174387832,0.28381987690177,4.61543780651138
0.500840798984821,0.284659619454735,4.61829104144819
0.507815211232767,0.285509153913888,4.62116477563433
0.51488674501375,0.286368576400937,4.62405897559122
0.522056752784698,0.287237983650221,4.62697360418039
0.529326605836056,0.28811747300777,4.62990862056875
0.536697694554048,0.289007142430337,4.63286398018419
0.544171428686589,0.289907090484377,4.63583963472071
0.551749237612913,0.290817416345004,4.63883553207421
0.559432570616938,0.291738219794901,4.64185161638723
0.567222897164454,0.292669601223203,4.6448878279777
0.575121707184161,0.293611661624341,4.6479441033037
0.583130511352622,0.294564502596871,4.65102037503466
0.591250841383188,0.295528226342259,4.65411657193394
0.599484250318941,0.296502935663651,4.65723261893754
0.607832312829723,0.297488733964619,4.66036843707324
0.616296625513294,0.298485725247885,4.66352394350152
0.624878807200689,0.299494014114027,4.66669905145494
0.633580499265825,0.300513705760166,4.66989367029967
0.642403365939419,0.30154490597865,4.67310770549498
0.65134909462728,0.302587721155711,4.67634105855404
0.66041939623303,0.30364225827013,4.67959362712786
0.669616005485322,0.304708624891885,4.68286530495339
0.678940681269611,0.305786929180799,4.68615598185085
0.68839520696455,0.306877279885188,4.68946554376514
0.697981390783066,0.307979786340513,4.69279387273337
0.707701066118189,0.309094558468031,4.69614084691295
0.717556091893693,0.310221706773459,4.69950634062456
0.727548352919623,0.311361342345646,4.70289022432013
0.737679760252773,0.312513576855257,4.70629236459581
0.747952251562182,0.313678522553476,4.70971262423367
0.758367791499719,0.314856292270725,4.71315086222622
0.768928372075831,0.316046999415405,4.71660693378693
0.779636013040523,0.317250757972662,4.72008069032761
0.790492762269642,0.318467682503183,4.72357197959733
0.801500696156541,0.319697888142013,4.72708064555326
0.812661920009195,0.320941490597422,4.7306065285528
0.823978568452852,0.322198606149789,4.73414946524906
0.835452805838287,0.323469351650538,4.73770928870276
0.847086826655741,0.324753844521112,4.74128582837385
0.858882855954625,0.326052202751993,4.74487891021171
0.870843149769072,0.327364544901768,4.74848835660894
0.882969995549409,0.328690990096248,4.75211398654153
0.89526571259964,0.330031658027638,4.75575561551399
0.907732652521023,0.331386668953769,4.75941305567356
0.920373199661822,0.332756143697383,4.76308611580455
0.933189771573324,0.334140203645488,4.76677460143123
0.9461848194722,0.335538970748767,4.77047831479916
0.959360828709314,0.33695256752107,4.77419705501041
0.972720319245054,0.338381117038968,4.77793061796273
0.986265846131282,0.339824742941379,4.78167879651354
1,0.341283569429277,4.78544138047895
1.01392540755882,0.342757721265477,4.78921815668058
1.02804473209331,0.344247323774503,4.79300890904462
1.0423606739764,0.345752502842542,4.7968134186333
1.0568759711848,0.34727338491748,4.80063146371188
1.07159339982267,0.348810097009037,4.80446281979348
1.08651577465254,0.350362766688987,4.80830725975859
1.10164594963366,0.351931522091474,4.81216455385338
1.11698681846782,0.353516491913432,4.8160344698051
1.13254131515281,0.355117805415098,4.81991677284344
1.14831241454351,0.356735592420629,4.82381122582525
1.16430313292088,0.358369983318827,4.82771758927829
1.18051652856881,0.360021109063965,4.83163562143304
1.19695570235904,0.36168910117673,4.83556507838804
1.21362379834424,0.363374091745268,4.83950571407762
1.23052400435926,0.365076213426351,4.84345728042839
1.24765955263087,0.366795599446655,4.84741952740396
1.2650337203959,0.368532383604155,4.85139220303854
1.28264983052806,0.37028670026964,4.85537505360026
1.30051125217341,0.372058684388351,4.85936782361456
1.31862140139475,0.373848471481741,4.86337025591823
1.33698374182495,0.375656197649354,4.86738209181304
1.35560178532937,0.377481999570841,4.87140307109488
1.37447909267754,0.379326014508095,4.87543293209723
1.39361927422414,0.381188380307515,4.87947141187684
1.41302599059953,0.383069235402411,4.88351824620369
1.43270295340983,0.384968718815527,4.88757316967703
1.45265392594678,0.386886970161706,4.89163591578669
1.4728827239075,0.388824129650688,4.8957062170168
1.49339321612425,0.390780338090044,4.89978380494891
1.51418932530435,0.392755736888241,4.90386841028167
1.53527502878042,0.394750468057857,4.90795976294899
1.55665435927106,0.396764674218918,4.91205759220849
1.57833140565212,0.398798498602391,4.91616162671675
1.6003103137387,0.400852085053805,4.92027159460454
1.62259528707809,0.40292557803702,4.92438722354976
1.64519058775366,0.40501912263813,4.92850824089374
1.66810053720006,0.407132864569519,4.93263437369868
1.69132951702965,0.40926695017405,4.93676534880709
1.71488196987054,0.4114215264294,4.94090089296763
1.73876240021625,0.41359674095254,4.94504073287703
1.76297537528721,0.415792742004356,4.94918459527804
1.78752552590424,0.418009678494413,4.95333220705374
1.81241754737424,0.42024769998587,4.95748329526822
1.83765620038817,0.422506956700527,4.96163758727307
1.86324631193156,0.424787599524026,4.96579481077192
1.88919277620767,0.427089780011193,4.96995469388523
1.91550055557353,0.429413650391519,4.97411696529345
1.94217468148903,0.431759363574793,4.97828135420376
1.96922025547917,0.43412707315687,4.98244759049126
1.99664245010979,0.43651693342559,4.98661540479938
2.0244465099768,0.438929099366829,4.99078452854267
2.05263775270925,0.441363726670704,4.99495469400476
2.08122156998634,0.443820971737914,4.99912563443424
2.11020342856859,0.446300991686216,5.00329708407223
2.13958887134342,0.448803944357059,5.0074687782731
2.16938351838518,0.451329988322334,5.01164045350317
2.19959306803007,0.453879282891287,5.01581184748634
2.23022329796594,0.456451988117553,5.01998269920051
2.26128006633728,0.459048264806337,5.02415274896822
2.29276931286565,0.46166827452173,5.02832173853154
2.32469705998565,0.464312179594158,5.032489411101
2.35706941399673,0.466980143127972,5.03665551138944
2.38989256623105,0.469672329009166,5.04081978573861
2.4231727942376,0.472388901913232,5.04498198211225
2.45691646298279,0.475130027313147,5.04914185018303
2.49113002606779,0.477895871487493,5.05329914136341
2.52582002696278,0.480686601528701,5.05745360890511
2.56099310025846,0.483502385351428,5.06160500790406
2.59665597293487,0.486343391701069,5.06575309535922
2.63281546564802,0.489209790162378,5.06989763025635
2.66947849403432,0.492101751168238,5.07403837358807
2.70665207003324,0.495019446008532,5.07817508837227
2.74434330322837,0.497963046839154,5.08230753977685
2.78255940220713,0.500932726691139,5.08643549507467
2.82130767593947,0.503928659479903,5.09055872375507
2.86059553517574,0.506951020014622,5.0946769975321
2.90043049386399,0.509999984007706,5.09879009035432
2.94082017058706,0.513075728084414,5.10289777853128
2.98177229001967,0.516178429792565,5.10699984067937
3.02329468440578,0.519308267612376,5.11109605779947
3.06539529505653,0.522465420966405,5.11518621330297
3.10808217386906,0.525650070229614,5.11927009305248
3.15136348486648,0.528862396739535,5.12334748539041
3.19524750575921,0.532102582806552,5.12741818113247
3.2397426295282,0.535370811724283,5.13148197367543
3.28485736603004,0.538667267780079,5.13553865891788
3.33060034362459,0.541992136265617,5.13958803537161
3.37698031082509,0.545345603487608,5.14362990416205
3.42400613797143,0.548727856778601,5.14766406904276
3.47168681892656,0.552139084507892,5.15169033637584
3.52003147279668,0.555579476092528,5.15570851527481
3.56904934567523,0.55904922200842,5.15971841744162
3.61874981241128,0.562548513801544,5.16371985733849
3.66914237840249,0.566077544099245,5.16771265215414
3.72023668141307,0.569636506621633,5.17169662178386
3.772042493417,0.573225596193076,5.17567158889832
3.824569722467,0.576845008753783,5.17963737888206
3.87782841458946,0.580494941371486,5.18359381993245
3.93182875570577,0.5841755922532,5.18754074300348
3.98658107358044,0.587887160757088,5.19147798181476
4.04209583979631,0.591629847404403,5.19540537294743
4.09838367175726,0.595403853891525,5.19932275566504
4.15545533471888,0.599209383102078,5.20322997213866
4.21332174384729,0.603046639119142,5.20712686729892
4.27199396630678,0.606915827237536,5.21101328887462
4.3314832233764,0.610817153976201,5.21488908742206
4.39180089259609,0.614750827090652,5.21875411629809
4.45295850994266,0.618717055585517,5.2226082316263
4.5149677720361,0.622716049727159,5.22645129242124
4.57784053837662,0.626748021056377,5.23028316039601
4.64158883361278,0.630813182401179,5.23410370011855
4.70622484984128,0.634911747889649,5.23791277894605
4.77176094893875,0.639043932962872,5.24171026697693
4.83820966492596,0.643209954387956,5.24549603715975
4.90558370636505,0.64741003027111,5.24926996513571
4.97389595879006,0.651644380070817,5.25303192935672
5.04315948717136,0.655913224611064,5.25678181096156
5.11338753841433,0.660216786094664,5.26051949390145
5.18459354389291,0.664555288116632,5.26424486482625
5.25679112201842,0.66892895567765,5.2679578130804
5.32999408084409,0.6733380151976,5.27165823071423
5.40421642070591,0.677782694529162,5.27534601248934
5.47947233690029,0.682263222971493,5.27902105583125
5.55577622239888,0.686779831283975,5.28268326079727
5.63314267060136,0.691332751700023,5.28633253010922
5.71158647812643,0.695922217940983,5.28996876913056
5.79112264764176,0.70054846523008,5.29359188579425
5.87176639073326,0.705211730306449,5.29720179065967
5.95353313081437,0.709912251439229,5.30079839682707
6.03643850607587,0.714650268441727,5.30438161995967
6.1204983724767,0.719426022685652,5.30795137827563
6.2057288067765,0.724239757115418,5.31150759249053
6.29214610961034,0.729091716262512,5.31505018577502
6.37976680860628,0.733982146259933,5.3185790838414
6.46860766154633,0.738911294856698,5.32209421480039
6.55868565957143,0.74387941143242,5.32559550923501
6.65001803043112,0.748886747011947,5.32908290006895
6.74262224177834,0.753933554280072,5.33255632267172
6.83651600451024,0.759020087596316,5.33601571478102
6.93171727615541,0.76414660300977,5.33946101637819
7.02824426430835,0.76931335827401,5.34289216988342
7.12611543011175,0.774520612862083,5.34630911993011
7.22534949178721,0.779768627981556,5.34971181341994
7.32596542821523,0.785057666589632,5.35310019952435
7.42798248256492,0.790387993408345,5.35647422959792
7.53142016597438,0.795759874939809,5.3598338572543
7.63629826128224,0.80117357948155,5.3631790381824
7.74263682681127,0.806629377141896,5.36650973025503
7.85045620020451,0.812127539855445,5.36982589348168
7.95977700231499,0.817668341398597,5.37312748995673
8.07062014114951,0.823252057405158,5.37641448378084
8.18300681586739,0.828878965382016,5.37968684114541
8.29695852083491,0.834549344724888,5.38294453026343
8.41249704973612,0.84026347673413,5.38618752131692
8.52964449974102,0.846021644630634,5.38941578639634
8.64842327573173,0.851824133571784,5.39262929962612
8.76885609458743,0.857671230667487,5.39582803692664
8.89096598952916,0.863563224996285,5.39901197620773
9.01477631452492,0.869500407621527,5.40218109714409
9.14031074875623,0.875483071607631,5.40533538127321
9.26759330114688,0.881511512036403,5.40847481194428
9.39664831495469,0.887586026023447,5.41159937426046
9.52750047242729,0.893706912734644,5.41470905505913
9.66017479952265,0.899874473402701,5.41780384294277
9.7946966706954,0.906089011343792,5.42088372814656
9.9310918137498,0.912350831974261,5.42394870263917
10.0693863147603,0.918660242827413,5.4269987599771
10.2096066230605,0.925017553570384,5.43003389537458
10.3517795563018,0.93142307602108,5.43305410558751
10.4959323055823,0.937877124165215,5.43605938898991
10.6420924406472,0.94438001417341,5.43904974542584
10.7902879151618,0.950932064418388,5.442025176295
10.9405470720574,0.957533595492247,5.44498568447119
11.0928986489522,0.964184930223815,5.44793127429636
11.2473717836475,0.970886393696088,5.45086195154678
11.4039960197003,0.977638313263761,5.45377772335602
11.5628013120738,0.984441018570836,5.45667859832502
11.723818032866,0.99129484156832,5.45956458635439
11.887076977119,0.998200116532013,5.46243569866472
12.0526093687084,1.00515718008038,5.46529194783015
12.2204468663149,1.01216637119251,5.46813334768919
12.3906215694792,1.01922803122618,5.47095991332544
12.5631660247412,1.02634250393599,5.47377166106389
12.7381132318648,1.0335101354916,5.47656860845772
12.9154966501488,1.04073127449608,5.47935077423134
13.0953502048267,1.0480062720043,5.48211817825778
13.2777082935543,1.05533548154147,5.48487084156212
13.4626057929891,1.06271925912175,5.48760878630355
13.6500780654601,1.07015796326696,5.49033203571238
13.8401609657313,1.07765195502539,5.49304061405746
14.0328908478587,1.08520159799071,5.49573454673609
14.2283045721435,1.09280725832097,5.4984138600809
14.4264395121816,1.10046930475772,5.50107858151088
14.6273335620113,1.10818810864521,5.50372873932398
14.831025143361,1.11596404394972,5.50636436288758
15.0375532129974,1.12379748727894,5.50898548243943
15.2469572701757,1.13168881790155,5.51159212911638
15.4592773641948,1.1396384177668,5.5141843350123
15.674554102056,1.14764667152425,5.51676213301554
15.8928286562298,1.15571396654366,5.51932555697465
16.1141427725302,1.16384069293489,5.52187464147055
16.3385387780986,1.172027243568,5.52440942193327
16.5660595894991,1.18027401409339,5.52692993457461
16.7967487209265,1.18858140296214,5.52943621642035
17.0306502925284,1.19694981144636,5.53192830519498
17.2678090388436,1.20537964365976,5.53440623940733
17.5082703173573,1.21387130657824,5.53687005822199
17.7520801171763,1.22242521006066,5.5393198015309
17.9992850678248,1.23104176686971,5.54175550994661
18.2499324481615,1.23972139269292,5.54417722465095
18.504070195423,1.24846450616373,5.5465849875488
18.7617469143912,1.25727152888275,5.54897884110088
19.0230118866894,1.26614288543913,5.55135882845788
19.2879150802078,1.27507900343201,5.55372499324942
19.5565071586595,1.28408031349214,5.55607737980173
19.8288394912707,1.29314724930363,5.55841603287764
20.104964162605,1.30228024762579,5.56074099787888
20.3849339825246,1.31147974831513,5.56305232067102
20.6688024962908,1.32074619434749,5.5653500476357
20.9566239948043,1.3300800318403,5.56763422568002
21.2484535249888,1.33948171007493,5.569904902075
21.5443469003188,1.34895168151927,5.57216212471043
21.8443607114943,1.35849040185035,5.57440594182052
22.1485523372636,1.36809832997714,5.57663640209029
22.4569799553977,1.37777592806349,5.57885355462635
22.7697025538168,1.38752366155122,5.58105744888611
23.0867799418717,1.3973419991833,5.58324813485498
23.4082727617829,1.40723141302722,5.58542566270364
23.7342425002387,1.41719237849853,5.58759008307657
24.0647515001542,1.42722537438441,5.58974144698812
24.3998629725955,1.43733088286753,5.59187980567994
24.7396410088681,1.44750938954995,5.59400521081755
25.0841505927754,1.45776138347722,5.59611771426879
25.4334576130465,1.46808735716264,5.59821736831123
25.787628875938,1.47848780661159,5.60030422539618
26.1467321180109,1.48896323134614,5.60237833833911
26.5108360190854,1.49951413442972,5.60443976012809
26.8800102153761,1.51014102249196,5.60648854409335
27.2543253128103,1.5208444057537,5.60852474367189
27.6338529005317,1.5316247980522,5.61054841261923
28.018665564592,1.54248271686641,5.61255960490829
28.408836901833,1.55341868334251,5.61455837461995
28.804441533963,1.56443322231952,5.61654477615648
29.2055551218275,1.57552686235514,5.61851886399357
29.6122543798803,1.58670013575173,5.62048069281602
30.0246170908555,1.59795357858246,5.62243031746159
30.442722120643,1.6092877307176,5.62436779291833
30.8666494333727,1.62070313585104,5.62629317433874
31.2964801067075,1.63220034152694,5.62820651696111
31.7322963473498,1.64377989916654,5.63010787616314
32.1741815067637,1.6554423640952,5.63199730745083
32.6222200971167,1.66718829556953,5.6338748664395
33.0764978074424,1.67901825680478,5.63574060876215
33.5371015200293,1.69093281500239,5.63759459020587
34.0041193270371,1.70293254137765,5.63943686666084
34.4776405473446,1.71501801118767,5.64126749400531
34.9577557436328,1.72718980375937,5.64308652823718
35.4445567397044,1.73944850251784,5.64489402536866
35.9381366380463,1.7517946950147,5.64669004148195
36.4385898376354,1.76422897295681,5.6484746326886
36.946012051993,1.77675193223505,5.65024785513693
37.4605003274899,1.78936417295335,5.65200976498143
37.9821530619074,1.8020662994579,5.65376041839775
38.5110700232557,1.81485892036655,5.65549987156166
39.0473523688556,1.82774264859841,5.65722818064244
39.5911026646846,1.84071810140364,5.65894540187108
40.1424249049932,1.85378590039344,5.6606515913804
40.7014245321944,1.86694667157026,5.66234680533309
41.2682084570295,1.88020104535816,5.66403109982371
41.8428850790158,1.89354965663344,5.66570453098561
42.4255643071778,1.90699314475541,5.66736715484723
43.016357581068,1.92053215359742,5.66901902741843
43.6153778920801,1.93416733157808,5.67066020466009
44.222739805059,1.94789933169264,5.67229074252219
44.8385594802119,1.96172881154471,5.67391069681514
45.462954695324,1.97565643337799,5.67552012333228
46.0960448682843,1.98968286410846,5.67711907777956
46.7379510799246,2.00380877535656,5.67870761582437
47.3887960971766,2.01803484347973,5.68028579300462
48.0487043965513,2.03236174960512,5.68185366480918
48.7178021879463,2.04679017966253,5.68341128659186
49.3962174387832,2.06132082441758,5.68495871370664
50.0840798984821,2.07595437950504,5.68649600127457
50.7815211232768,2.09069154546252,5.68802320444929
51.4886745013749,2.10553302776423,5.68954037816344
52.2056752784698,2.12047953685513,5.69104757732145
52.9326605836056,2.13553178818516,5.69254485667747
53.6697694554048,2.15069050224378,5.69403227083037
54.4171428686589,2.16595640459478,5.69550987435262
55.1749237612912,2.18133022591126,5.69697772159256
55.9432570616938,2.19681270201085,5.69843586682945
56.7222897164454,2.21240457389123,5.69988436417924
57.5121707184161,2.22810658776582,5.70132326760386
58.3130511352622,2.24391949509977,5.70275263098854
59.1250841383188,2.25984405264619,5.70417250803441
59.9484250318941,2.27588102248256,5.70558295228898
60.7832312829723,2.29203117204749,5.70698401713925
61.6296625513294,2.30829527417764,5.70837575586376
62.4878807200689,2.32467410714499,5.70975822153409
63.3580499265825,2.34116845469425,5.71113146713957
64.2403365939419,2.35777910608062,5.71249554542042
65.134909462728,2.37450685610776,5.71385050896902
66.0419396233031,2.39135250516607,5.71519641029653
66.9616005485322,2.40831685927115,5.7165333016567
67.8940681269611,2.42540073010258,5.71786123518372
68.839520696455,2.44260493504301,5.71918026274082
69.7981390783066,2.4599302972174,5.72049043616824
70.7701066118189,2.47737764553263,5.72179180702133
71.7556091893693,2.49494781471736,5.72308442670402
72.7548352919623,2.51264164536213,5.72436834641216
73.7679760252773,2.53045998395976,5.72564361724063
74.7952251562182,2.54840368294606,5.72691029001531
75.8367791499719,2.56647360074075,5.72816841542255
76.8928372075831,2.58467060178872,5.72941804390829
77.9636013040524,2.60299555660154,5.73065922582505
79.0492762269642,2.6214493417993,5.73189201117872
80.150069615654,2.64003284015268,5.7331164499271
81.2661920009195,2.65874694062535,5.73433259178891
82.3978568452852,2.67759253841666,5.73554048625847
83.5452805838287,2.69657053500461,5.7367401826541
84.708682665574,2.71568183818911,5.73793173006304
85.8882855954625,2.73492736213559,5.73911517745062
87.0843149769072,2.75430802741883,5.74029057350114
88.2969995549409,2.77382476106718,5.741457966741
89.526571259964,2.793478496607,5.74261740544254
90.7732652521022,2.81327017410748,5.74376893776603
92.0373199661822,2.83320074022574,5.74491261159499
93.3189771573324,2.85327114825222,5.74604847457359
94.61848194722,2.87348235815643,5.74717657424971
95.9360828709315,2.89383533663296,5.74829695783894
97.2720319245054,2.9143310571479,5.7494096724661
98.6265846131282,2.93497049998546,5.75051476494871
100,2.95575465229501,5.75161228193138
101.392540755881,2.97668450813839,5.75270226988859
102.804473209331,2.99776106853761,5.75378477502989
104.23606739764,3.01898534152278,5.75485984332353
105.687597118481,3.04035834218048,5.75592752065373
107.159339982267,3.06188109270241,5.75698785254158
108.651577465254,3.08355462243436,5.75804088435831
110.164594963366,3.10537996792557,5.75908666129321
111.698681846782,3.12735817297837,5.76012522827448
113.254131515281,3.14949028869825,5.76115663002391
114.831241454351,3.1717773735442,5.76218091110647
116.430313292088,3.19422049337942,5.76319811577531
118.051652856881,3.21682072152241,5.76420828810495
119.695570235904,3.23957913879836,5.76521147200294
121.362379834424,3.26249683359098,5.76620771109176
123.052400435926,3.28557490189459,5.76719704880876
124.765955263087,3.30881444736664,5.76817952837526
126.50337203959,3.3322165813806,5.76915519283097
128.264983052806,3.35578242307914,5.77012408494579
130.051125217341,3.37951309942779,5.7710862472635
131.862140139475,3.40340974526886,5.77204172213581
133.698374182495,3.42747350337582,5.77299055177663
135.560178532937,3.45170552450806,5.77393277801606
137.447909267754,3.4761069674659,5.77486844261967
139.361927422414,3.50067899914618,5.77579758705345
141.302599059953,3.52542279459808,5.77672025263084
143.270295340983,3.5503395370794,5.77763648032959
145.265392594678,3.5754304181132,5.77854631108395
147.28827239075,3.60069663754486,5.7794497855091
149.339321612425,3.62613940359955,5.78034694395726
151.418932530435,3.65175993294,5.78123782670343
153.527502878042,3.67755945072482,5.78212247369798
155.665435927106,3.70353919066711,5.78300092469273
157.833140565212,3.72970039509352,5.78387321927905
160.03103137387,3.75604431500375,5.7847393967783
162.259528707809,3.78257221013037,5.78559949635779
164.519058775366,3.80928534899918,5.78645355689805
166.810053720006,3.8361850089899,5.78730161711182
169.132951702965,3.86327247639728,5.78814371548969
171.488196987054,3.89054904649272,5.78897989035845
173.876240021625,3.91801602358623,5.78981017973029
176.29753752872,3.94567472108883,5.79063462150494
178.752552590424,3.97352646157547,5.79145325329356
181.241754737424,4.00157257684825,5.7922661125875
183.765620038817,4.0298144080002,5.79307323659293
186.324631193156,4.05825330547946,5.79387466234187
188.919277620767,4.08689062915386,5.79467042665936
191.550055557353,4.11572774837603,5.79546056611857
194.217468148902,4.14476604204892,5.79624511714382
196.922025547917,4.17400689869177,5.79702411590592
199.664245010979,4.20345171650653,5.79779759845826
202.444650997681,4.23310190344483,5.79856560051512
205.263775270925,4.26295887727524,5.79932815768663
208.122156998634,4.29302406565121,5.80008530532147
211.02034285686,4.3232989061793,5.80083707864864
213.958887134342,4.35378484648799,5.80158351257217
216.938351838519,4.38448334429696,5.80232464189988
219.959306803007,4.41539586748678,5.80306050117593
223.022329796594,4.44652389416919,5.80379112479059
226.128006633728,4.47786891275777,5.80451654690448
229.276931286565,4.50943242203917,5.80523680144366
232.469705998565,4.54121593124481,5.80595192220524
235.706941399673,4.57322096012307,5.80666194276503
238.989256623105,4.60544903901198,5.80736689646513
242.31727942376,4.63790170891249,5.80806681653141
245.691646298279,4.67058052156208,5.80876173588755
249.113002606779,4.70348703950909,5.80945168733182
252.582002696278,4.73662283618741,5.81013670346877
256.099310025846,4.76998949599175,5.81081681668272
259.665597293487,4.80358861435345,5.81149205921636
263.281546564802,4.83742179781676,5.81216246300238
266.947849403432,4.87149066411575,5.81282805991278
270.665207003324,4.90579684225159,5.81348888156154
274.434330322836,4.94034197257056,5.8141449593571
278.255940220713,4.97512770684247,5.81479632464213
282.130767593947,5.01015570833966,5.81544300838077
286.059553517574,5.04542765191659,5.81608504149722
290.043049386399,5.08094522408989,5.81672245464232
294.082017058706,5.11671012311907,5.81735527839021
298.177229001967,5.15272405908776,5.81798354292835
302.329468440578,5.18898875398544,5.81860727854837
306.539529505653,5.22550594178986,5.81922651509237
310.808217386906,5.26227736854993,5.81984128230568
315.136348486648,5.29930479246925,5.82045160984854
319.524750575921,5.33658998399021,5.82105752713351
323.97426295282,5.37413472587864,5.8216590632609
328.485736603005,5.41194081330907,5.82225624740729
333.060034362459,5.45001005395061,5.82284910836359
337.698031082509,5.48834426805339,5.82343767483897
342.400613797143,5.52694528853563,5.82402197539244
347.168681892656,5.56581496107126,5.82460203824003
352.003147279668,5.60495514417821,5.82517789161782
356.904934567523,5.6443677093073,5.82574956351236
361.874981241128,5.68405454093175,5.82631708168557
366.914237840249,5.72401753663727,5.82688047383471
372.023668141307,5.76425860721283,5.8274397673856
377.2042493417,5.80477967674202,5.82799498962282
382.4569722467,5.84558268269509,5.82854616770474
387.782841458945,5.8866695760216,5.82909332861264
393.182875570577,5.9280423212437,5.82963649903888
398.658107358044,5.9697028965501,5.83017570565314
404.209583979631,6.01165329389065,5.83071097490894
409.838367175726,6.05389551907161,5.83124233313264
415.545533471887,6.09643159185156,5.83176980635296
421.332174384729,6.13926354603802,5.83229342055274
427.199396630678,6.18239342958464,5.83281320156167
433.14832233764,6.22582330468923,5.83332917499124
439.180089259609,6.26955524789228,5.83384136633992
445.295850994265,6.3135913501763,5.83434980084689
451.49677720361,6.35793371706584,5.8348545036624
457.784053837662,6.40258446872814,5.83535549981288
464.158883361278,6.44754574007451,5.83585281415146
470.622484984128,6.49281968086243,5.8363464712506
477.176094893874,6.53840845579838,5.83683649568859
483.820966492596,6.58431424464132,5.83732291186619
490.558370636505,6.6305392423069,5.83780574385468
497.389595879007,6.67708565897249,5.83828501585945
504.315948717136,6.72395572018279,5.83876075163255
511.338753841432,6.77115166695631,5.83923297499575
518.459354389291,6.81867575589252,5.83970170953619
525.679112201842,6.86653025927971,5.84016697865248
532.999408084409,6.91471746520372,5.84062880562023
540.421642070591,6.96323967765728,5.84108721364689
547.947233690028,7.01209921665023,5.84154222569202
555.577622239888,7.06129841832045,5.84199386457643
563.314267060135,7.11083963504555,5.84244215303208
571.158647812643,7.16072523555536,5.84288711356473
579.112264764176,7.21095760504519,5.84332876860227
587.176639073326,7.26153914528994,5.84376714036607
595.353313081437,7.31247227475883,5.84420225103396
603.643850607586,7.36375942873117,5.84463412253669
612.04983724767,7.41540305941272,5.84506277672769
620.57288067765,7.46740563605297,5.84548823528319
629.214610961035,7.51976964506324,5.84591051975075
637.976680860628,7.57249759013552,5.84632965154166
646.860766154632,7.62559199236222,5.84674565190965
655.868565957144,7.67905539035674,5.84715854203242
665.001803043112,7.73289034037479,5.8475683428382
674.262224177835,7.7870994164367,5.84797507521801
683.651600451024,7.8416852104504,5.84837875993875
693.17172761554,7.89665033233548,5.84877941750569
702.824426430835,7.95199741014789,5.8491770684024
712.611543011174,8.00772909020561,5.84957173296081
722.534949178722,8.06384803721524,5.84996343137025
732.596542821523,8.12035693439935,5.85035218367361
742.798248256491,8.17725848362483,5.85073800982416
753.142016597438,8.23455540553208,5.85112092957123
763.629826128224,8.29225043966502,5.85150096256168
774.263682681128,8.3503463446022,5.85187812842284
785.045620020451,8.40884589808859,5.85225244648878
795.977700231498,8.4677518971685,5.85262393604209
807.062014114951,8.52706715831926,5.85299261627244
818.300681586739,8.58679451758588,5.85335850618375
829.695852083491,8.64693683071669,5.85372162466977
841.249704973612,8.70749697329987,5.8540819905405
852.964449974102,8.76847784090095,5.85443962241484
864.842327573173,8.82988234920129,5.85479453886107
876.885609458743,8.89171343413741,5.8551467582588
889.096598952917,8.95397405204148,5.85549629890656
901.477631452492,9.01666717978256,5.85584317899587
914.031074875622,9.07979581490905,5.85618741653924
926.759330114688,9.14336297579195,5.85652902949615
939.664831495469,9.20737170176917,5.8568680356626
952.75004724273,9.27182505329092,5.85720445273159
966.017479952265,9.33672611206597,5.85753829825812
979.469667069539,9.40207798120905,5.85786958978493
993.10918137498,9.46788378538922,5.85819834456957
1006.93863147603,9.53414667097922,5.85852457988719
1020.96066230605,9.600869806206,5.85884831282493
1035.17795563018,9.66805638130212,5.85916956038079
1049.59323055823,9.73570960865835,5.85948833953038
1064.20924406472,9.80383272297723,5.85980466691923
1079.02879151618,9.87242898142776,5.86011855930708
1094.05470720574,9.94150166380112,5.86043003322091
1109.28986489522,10.0110540726675,5.86073910512976
1124.73717836475,10.081089533534,5.86104579133727
1140.39960197003,10.1516113950036,5.86135010811999
1156.28013120738,10.2226230289355,5.86165207151844
1172.3818032866,10.2941278306058,5.86195169757389
1188.7076977119,10.3661292188706,5.86224900228384
1205.26093687084,10.4386306363288,5.86254400128295
1222.04468663149,10.5116355494869,5.86283671040732
1239.06215694792,10.5851474489252,5.86312714522075
1256.31660247412,10.6591698494638,5.86341532115528
1273.81132318648,10.7337062903317,5.86370125364366
1291.54966501488,10.8087603353349,5.863984957968
1309.53502048267,10.884335573028,5.86426644929634
1327.77082935543,10.9604356168847,5.86454574262909
1346.26057929891,11.0370641054713,5.86482285310024
1365.00780654601,11.1142247026203,5.86509779546544
1384.01609657313,11.1919210976058,5.86537058448968
1403.28908478587,11.2701570053198,5.86564123495082
1422.83045721435,11.3489361664496,5.86590976138261
1442.64395121816,11.4282623476571,5.86617617822808
1462.73335620113,11.5081393417586,5.86644049991098
1483.1025143361,11.5885709679063,5.86670274076802
1503.75532129974,11.6695610717706,5.86696291491268
1524.69572701757,11.7511135257246,5.86722103643018
1545.92773641948,11.8332322290284,5.86747711943449
1567.45541020559,11.9159211080162,5.86773117770951
1589.28286562298,11.9991841162839,5.86798322519178
1611.41427725302,12.083025234878,5.86823327551924
1633.85387780986,12.167448472486,5.86848134231251
1656.60595894992,12.2524578656279,5.86872743919669
1679.67487209265,12.3380574788496,5.86897157953457
1703.06502925284,12.424251404917,5.86921377675921
1726.78090388436,12.5110437650116,5.86945404406883
1750.82703173572,12.5984387089277,5.86969239472293
1775.20801171764,12.6864404152707,5.86992884170443
1799.92850678248,12.7750530916571,5.87016339814381
1824.99324481615,12.8642809749153,5.87039607689496
1850.4070195423,12.9541283312886,5.87062689075248
1876.17469143912,13.044599456639,5.87085585249285
1902.30118866895,13.1356986766525,5.87108297483024
1928.79150802078,13.2274303470461,5.87130827020812
1955.65071586595,13.319798853776,5.87153175126066
1982.88394912707,13.4128086132471,5.8717534302456
2010.4964162605,13.5064640725245,5.87197331957251
2038.49339825246,13.600769709546,5.87219143146987
2066.88024962908,13.6957300333361,5.87240777810448
2095.66239948043,13.7913495842218,5.87262237147834
2124.84535249888,13.8876329340494,5.87283522361487
2154.43469003188,13.9845846864034,5.87304634646948
2184.43607114943,14.0822094768263,5.87325575182117
2214.85523372636,14.1805119730406,5.87346345145958
2245.69799553978,14.2794968751716,5.87366945698675
2276.97025538168,14.3791689159725,5.87387378006536
2308.67799418717,14.4795328610503,5.87407643214109
2340.82727617829,14.580593509094,5.87427742469811
2373.42425002387,14.6823556921039,5.8744767690965
2406.47515001543,14.7848242756226,5.87467447659366
2439.98629725955,14.8880041589675,5.87487055834329
2473.96410088681,14.9919002754656,5.8750650255749
2508.41505927754,15.0965175926886,5.87525788931077
2543.34576130465,15.2018611126912,5.87544916050967
2578.7628875938,15.3079358722494,5.87563885008835
2614.67321180109,15.4147469431023,5.87582696883276
2651.08360190854,15.5222994321937,5.87601352757299
2688.00102153761,15.630598481917,5.87619853691755
2725.43253128103,15.7396492703605,5.87638200753092
2763.38529005317,15.8494570115552,5.87656394992582
2801.8665564592,15.9600269557244,5.87674437460909
2840.8836901833,16.0713643895342,5.87692329193139
2880.4441533963,16.1834746363467,5.87710071228697
2920.55551218275,16.2963630564742,5.87727664583546
2961.22543798804,16.4100350474357,5.87745110279935
3002.46170908555,16.524496044215,5.87762409333394
3044.2722120643,16.6397515195204,5.87779562746373
3086.66494333727,16.7558069840464,5.87796571518907
3129.64801067075,16.8726679867374,5.87813436634711
3173.22963473498,16.9903401150526,5.87830159088996
3217.41815067637,17.1088289952336,5.87846739853886
3262.22200971167,17.228140292573,5.8786317990238
3307.64978074424,17.3482797116858,5.87879480196198
3353.71015200293,17.4692529967815,5.87895641697282
3400.41193270371,17.5910659319392,5.87911665355911
3447.76405473446,17.7137243413841,5.87927552114669
3495.77557436327,17.8372340897657,5.87943302913664
3544.45567397044,17.9616010824388,5.87958918690407
3593.81366380463,18.0868312657451,5.87974400361224
3643.85898376355,18.2129306272979,5.87989748854095
3694.6012051993,18.3399051962685,5.8800496508221
3746.05003274899,18.4677610436744,5.88020049944618
3798.21530619074,18.5965042826693,5.8803500435286
3851.10700232557,18.7261410688358,5.88049829191477
3904.73523688556,18.8566776004792,5.8806452536089
3959.11026646846,18.9881201189246,5.88079093734267
4014.24249049932,19.1204749088146,5.88093535192377
4070.14245321944,19.25374829841,5.88107850604808
4126.82084570295,19.3879466598928,5.88122040837075
4184.28850790159,19.5230764096702,5.88136106743714
4242.55643071778,19.6591440086817,5.88150049187118
4301.63575810679,19.7961559627084,5.8816386901543
4361.53778920801,19.9341188226832,5.88177567054002
4422.2739805059,20.0730391850048,5.88191144157011
4483.85594802119,20.2129236918527,5.88204601140834
4546.2954695324,20.353779031505,5.88217938839191
4609.60448682843,20.4956119386578,5.88231158071588
4673.79510799246,20.6384291947478,5.8824425964082
4738.87960971765,20.7822376282759,5.8825724436569
4804.87043965513,20.9270441151342,5.88270113037141
4871.78021879463,21.0728555789344,5.88282866461556
4939.62174387832,21.2196789913393,5.88295505428143
5008.40798984821,21.3675213723955,5.88308030726036
5078.15211232767,21.5163897908695,5.88320443130109
5148.8674501375,21.6662913645857,5.88332743414202
5220.56752784698,21.8172332607662,5.88344932353814
5293.26605836056,21.9692226963742,5.88357010707574
5366.97694554048,22.1222669384587,5.88368979237168
5441.71428686589,22.276373304502,5.8838083870583
5517.49237612913,22.4315491627693,5.88392589845433
5594.32570616938,22.5878019326615,5.88404233420832
5672.22897164455,22.7451390850698,5.88415770151492
5751.21707184161,22.9035681427324,5.88427200778505
5831.30511352622,23.0630966805951,5.88438526037845
5912.50841383188,23.2237323261726,5.88449746640382
5994.84250318941,23.3854827599136,5.88460863316958
6078.32312829724,23.5483557155681,5.88471876773782
6162.96625513294,23.7123589805571,5.88482787726645
6248.78807200689,23.8775003963448,5.88493596872632
6335.80499265825,24.0437878588136,5.88504304913742
6424.03365939419,24.2112293186416,5.88514912544609
6513.49094627281,24.3798327816831,5.88525420458171
6604.19396233031,24.5496063093508,5.88535829343338
6696.16005485322,24.7205580190014,5.88546139866878
6789.40681269611,24.8926960843242,5.88556352712438
6883.9520696455,25.0660287357313,5.88566468558668
6979.81390783067,25.2405642607513,5.88576488061728
7077.01066118189,25.4163110044258,5.88586411888281
7175.56091893692,25.593277369708,5.88596240693668
7275.48352919623,25.771471817865,5.88605975131028
7376.79760252773,25.9509028688815,5.88615615851594
7479.52251562183,26.1315791018683,5.88625163496465
7583.67791499719,26.3135091554715,5.88634618711871
7689.28372075831,26.496701728286,5.88643982124595
7796.36013040524,26.6811655792714,5.88653254371398
7904.92762269642,26.8669095281708,5.88662436076706
8015.00696156541,27.0539424559321,5.88671527865213
8126.61920009195,27.2422733051334,5.88680530354422
8239.78568452851,27.4319110804097,5.88689444150758
8354.52805838287,27.6228648488842,5.88698269879464
8470.8682665574,27.8151437406011,5.88707008129693
8588.82855954626,28.008756948963,5.88715659515321
8708.43149769072,28.2037137311695,5.88724224628059
8829.69995549408,28.4000234086605,5.88732704064355
8952.6571259964,28.5976953675618,5.8874109840966
9077.32652521022,28.7967390591334,5.88749408249788
9203.73199661823,28.9971640002222,5.8875763416244
9331.89771573324,29.1989797737163,5.88765776735194
9461.84819472199,29.4021960290033,5.88773836536421
9593.60828709315,29.6068224824322,5.88781814129277
9727.20319245054,29.8128689177772,5.88789710083286
9862.65846131283,30.0203451867063,5.88797524961564
10000,30.2292612092515,5.8880525932272
